player,player_id,position,team_name,player_game_count,attempts,avoided_tackles,breakaway_attempts,breakaway_percent,breakaway_yards,declined_penalties,designed_yards,drops,elu_recv_mtf,elu_rush_mtf,elu_yco,elusive_rating,explosive,first_downs,franchise_id,fumbles,gap_attempts,grades_hands_fumble,grades_offense,grades_offense_penalty,grades_pass,grades_pass_block,grades_pass_route,grades_run,grades_run_block,longest,penalties,rec_yards,receptions,routes,run_plays,scramble_yards,scrambles,targets,total_touches,touchdowns,yards,yards_after_contact,yco_attempt,ypa,yprr,zone_attempts
Phil Mafah,144123,HB,CLEMSON,1,35,7,3,41.5,78,0,188,0,0,7,116,66.3,5,10,140,1,7,49.2,73.6,77.8,,50.7,52.6,74.4,56.5,41,0,0,0,14,38,0,0,0,35,2,188,116,3.31,5.4,0.0,27
Bryson Daily,147303,QB,ARMY,1,35,2,1,37.1,62,0,158,0,0,2,69,12.7,1,6,114,0,16,79.4,63.3,76.5,48.6,,,65.8,60.0,62,0,0,0,0,47,9,2,0,33,2,167,73,2.09,4.8,,16
Ollie Gordon II,157792,HB,OKLA STATE,1,33,7,2,39.9,55,0,138,0,0,7,84,52.4,3,6,262,0,26,79.8,67.3,80.5,37.5,72.2,59.0,70.4,59.9,35,1,18,1,29,37,0,0,1,34,2,138,84,2.55,4.2,0.62,5
Tahj Brooks,123133,HB,TEXAS TECH,1,32,15,3,37.9,55,0,145,0,0,15,89,119.2,4,8,315,0,20,79.5,73.8,77.5,,84.3,58.5,74.9,52.2,20,0,-3,3,25,38,0,0,3,35,1,145,89,2.78,4.5,-0.12,12
Harrison Waylee,130584,HB,WYOMING,1,29,3,1,15.6,20,0,128,0,1,3,95,43.7,5,6,351,0,13,79.3,67.1,78.0,,,60.0,66.9,60.0,20,0,12,1,22,32,0,0,1,30,0,128,95,3.28,4.4,0.55,16
Xavier Arline,121831,QB,NAVY,1,28,2,1,17.9,19,0,90,0,0,1,23,3.4,3,9,237,0,15,77.2,84.6,76.5,90.6,,,66.8,60.0,19,0,0,0,0,44,16,2,0,26,1,106,23,0.82,3.8,,3
Dillon Johnson,124176,HB,WASHINGTON,1,26,2,4,61.7,158,0,256,0,1,2,86,35.4,7,11,340,0,14,78.7,92.3,76.7,,77.2,68.4,90.7,59.5,53,0,11,2,12,33,0,0,2,28,4,256,86,3.31,9.8,0.92,12
Marquez Cooper,130489,HB,BALL ST,1,25,2,1,17.8,16,0,90,0,0,2,68,20.9,1,7,117,0,5,78.0,69.4,0.0,,71.9,55.2,72.2,57.2,16,1,3,1,14,34,0,0,1,26,1,90,68,2.72,3.6,0.21,20
Makhi Hughes,158417,HB,TULANE,1,25,8,1,19.0,20,0,105,0,0,8,70,86.2,3,4,319,0,18,78.0,70.6,77.9,,36.6,58.2,72.7,55.3,20,0,1,1,11,35,0,0,1,26,0,105,70,2.8,4.2,0.09,5
Anthony Watkins,99165,HB,TULSA,1,24,2,2,34.2,50,0,146,0,0,2,72,25.0,4,8,320,0,8,78.0,78.1,76.0,,84.4,56.5,74.9,,30,0,0,0,5,25,0,0,0,24,1,146,72,3.0,6.1,0.0,16
Leshon Williams,129487,HB,IOWA,1,24,3,0,0.0,0,0,79,0,0,3,66,31.7,1,4,192,0,3,77.8,60.9,77.6,,71.6,58.6,61.0,59.2,10,0,-5,2,11,29,0,0,2,26,0,79,66,2.75,3.3,-0.45,18
Tommy Castellanos,158433,QB,BOSTON COL,1,24,2,0,0.0,0,0,40,0,0,0,18,0.0,3,10,121,2,16,49.5,50.0,78.1,38.4,,,66.0,60.0,12,0,0,0,0,51,43,5,0,19,1,83,48,2.0,3.5,,1
Kyle Monangai,129891,HB,RUTGERS,1,24,5,2,38.4,61,0,159,0,0,5,121,105.0,4,7,278,0,9,78.2,77.1,76.5,,16.6,54.1,80.0,64.5,45,0,0,0,11,35,0,0,2,24,0,159,121,5.04,6.6,0.0,14
Kimani Vidal,123727,HB,TROY,1,24,12,1,15.3,19,0,124,0,1,12,115,239.6,4,8,318,0,20,78.0,90.2,78.4,,77.0,65.6,90.3,58.8,19,0,4,2,19,29,0,0,2,26,1,124,115,4.79,5.2,0.21,4
Kay'Ron Lynch-Adams,101643,HB,UMASS,1,23,6,1,17.0,15,0,88,0,0,6,70,76.1,2,5,216,0,21,77.5,66.5,75.5,,67.9,57.9,66.6,58.4,15,0,-3,1,13,28,0,0,1,24,0,88,70,3.04,3.8,-0.23,2
Frank Gore Jr.,121457,HB,SO MISS,1,23,4,3,42.6,49,0,115,0,1,4,81,70.4,5,7,296,0,7,77.5,82.4,77.0,,78.4,65.1,82.1,57.9,18,0,36,2,17,34,0,0,2,25,1,115,81,3.52,5.0,2.12,16
Kye Robichaux,145532,HB,BOSTON COL,1,23,0,0,0.0,0,0,70,0,0,0,58,0.0,0,3,121,1,13,37.4,55.4,77.1,,28.4,29.2,64.2,47.6,9,0,2,1,22,35,0,0,1,24,0,70,58,2.52,3.0,0.09,10
Quinshon Judkins,157128,HB,OLE MISS,1,23,6,2,32.4,33,0,102,0,0,6,50,54.3,3,7,226,0,8,77.5,68.9,77.5,,28.4,57.0,72.5,60.0,18,0,10,1,16,24,0,0,1,24,3,102,50,2.17,4.4,0.63,15
Mark Fletcher Jr.,175374,HB,MIAMI FL,1,23,6,2,27.8,32,0,115,0,1,6,90,105.4,3,7,220,0,17,77.8,80.2,76.5,,33.4,65.3,82.4,,16,0,17,3,25,24,0,0,4,26,0,115,90,3.91,5.0,0.68,6
TreVeyon Henderson,145059,HB,OHIO STATE,1,22,6,2,36.7,47,0,128,0,3,6,56,84.8,4,7,260,0,6,77.3,88.1,78.4,,47.5,91.3,81.8,60.0,27,0,80,5,18,25,0,0,5,27,1,128,56,2.55,5.8,4.44,16
Jonathon Brooks,144721,HB,TEXAS,1,22,10,2,42.9,48,0,112,0,0,10,82,169.4,2,6,311,1,9,37.4,79.9,76.0,,80.4,85.3,73.3,60.0,27,0,0,0,11,24,0,0,1,22,1,112,82,3.73,5.1,0.0,13
Lorenzo Lingard,77779,HB,AKRON,1,22,7,1,34.9,37,0,106,0,2,7,86,146.6,1,8,102,0,2,77.3,77.6,76.4,,82.9,68.1,78.1,60.0,37,0,49,2,30,24,0,0,2,24,1,106,86,3.91,4.8,1.63,20
Quinton Cooley,123380,HB,LIBERTY,1,22,3,4,42.9,78,0,182,0,0,3,52,29.5,7,11,206,0,10,77.8,80.3,76.3,,63.6,70.9,78.2,57.2,29,0,18,2,9,30,0,0,2,24,2,182,52,2.36,8.3,2.0,12
Kaden Feagin,174024,HB,ILLINOIS,1,22,5,0,0.0,0,0,89,0,0,5,72,65.5,2,4,187,0,10,77.3,75.7,76.9,,78.4,74.5,74.6,58.5,12,0,59,3,33,28,0,0,3,25,0,89,72,3.27,4.0,1.79,12
Antario Brown,145868,HB,N ILLINOIS,1,22,4,1,36.5,61,0,167,0,0,4,57,47.1,3,4,254,0,6,77.3,74.6,77.1,,79.6,77.8,70.9,58.5,61,0,0,0,9,28,0,0,0,22,1,167,57,2.59,7.6,0.0,15
Cody Schrader,157177,HB,MISSOURI,1,22,6,0,0.0,0,0,112,0,1,6,67,85.3,2,7,229,0,4,77.3,72.7,78.4,,82.8,57.3,74.4,58.9,13,0,14,3,26,24,0,0,3,25,1,112,67,3.05,5.1,0.54,18
Ray Davis,101072,HB,KENTUCKY,1,21,3,0,0.0,0,0,80,0,0,3,50,32.5,1,3,202,0,18,77.3,73.0,77.2,,69.2,57.7,71.4,73.0,14,0,6,1,15,23,0,0,1,22,0,80,50,2.38,3.8,0.4,2
Jacory Croskey-Merritt,102382,HB,NEW MEXICO,1,21,1,0,0.0,0,0,86,0,0,1,38,8.2,2,5,241,1,0,35.9,62.2,75.9,,73.8,77.7,60.8,58.8,13,0,1,1,2,24,0,0,1,22,0,86,38,1.81,4.1,0.5,21
Marion Lukes,145697,HB,C MICHIGAN,1,21,11,4,61.9,125,0,202,1,0,11,137,341.7,6,7,134,0,11,77.3,77.1,76.7,,19.9,30.2,82.3,58.7,46,0,0,0,8,38,0,0,1,21,1,202,137,6.52,9.6,0.0,10
Malik Sherrod,128189,HB,FRESNO ST,1,21,6,2,52.3,69,0,132,0,3,6,106,181.7,4,5,169,0,8,77.1,70.2,77.0,,61.3,62.9,71.4,60.0,52,0,28,4,32,22,0,0,5,25,1,132,106,5.05,6.3,0.88,12
Damien Martinez,162437,HB,OREGON ST,1,21,2,0,0.0,0,0,115,1,0,2,76,34.5,5,6,265,1,11,36.5,63.0,79.3,,36.1,29.7,69.5,59.5,12,0,0,0,19,30,0,0,2,21,0,115,76,3.62,5.5,0.0,10
Jermaine Brown Jr.,97084,HB,UAB,1,21,4,0,0.0,0,0,77,0,3,4,46,61.3,3,5,321,0,8,77.2,68.2,78.7,60.0,60.7,80.3,64.6,59.2,12,0,72,4,33,25,0,0,4,25,0,77,46,2.19,3.7,2.18,13
Devin Neal,144558,HB,KANSAS,1,21,0,0,0.0,0,0,57,0,0,0,43,0.0,0,3,198,0,17,77.3,62.4,77.6,,80.0,57.0,62.4,59.6,9,0,4,2,16,28,0,0,2,23,2,57,43,2.05,2.7,0.25,3
Terron Kellman,158048,HB,CHARLOTTE,1,21,8,0,0.0,0,0,53,0,1,8,34,66.2,1,2,136,0,15,77.0,65.5,75.6,,70.0,70.9,63.7,59.2,10,0,19,1,13,23,0,0,2,22,1,53,34,1.62,2.5,1.46,6
Jase Bauer,145714,QB,C MICHIGAN,1,20,2,2,44.3,47,0,92,0,0,1,61,18.8,3,7,134,0,17,75.5,87.6,76.6,78.4,,,76.1,60.0,29,0,0,0,0,46,14,2,0,18,2,106,66,3.3,5.3,,0
Ismail Mahdi,161419,HB,TEXAS ST,1,20,6,0,0.0,0,0,99,0,0,6,62,93.0,4,6,314,0,5,76.8,74.3,75.8,,66.9,54.0,75.3,58.6,14,0,0,0,17,27,0,0,0,20,0,99,62,3.1,5.0,0.0,15
Justin Lamson,144052,QB,STANFORD,1,20,2,0,0.0,0,0,51,0,0,2,36,19.9,0,5,300,0,17,76.2,84.6,73.6,88.8,,,70.1,,9,0,0,0,0,19,2,1,0,19,1,53,38,1.9,2.7,,1
Jaydn Ott,158325,HB,CAL,1,20,2,2,37.6,35,0,93,0,1,2,59,36.9,2,4,130,0,10,76.5,64.1,75.8,,24.9,62.5,67.4,47.0,20,0,15,4,27,20,0,0,5,24,1,93,59,2.95,4.7,0.56,9
RJ Harvey,99622,HB,UCF,1,20,7,4,57.9,95,0,164,0,0,7,79,131.7,8,9,323,0,6,76.7,89.6,76.2,,55.9,57.5,90.7,57.1,27,0,7,1,9,32,0,0,2,21,3,164,79,3.95,8.2,0.78,11
Jalen Milroe,146590,QB,ALABAMA,1,20,4,1,14.0,23,0,71,0,0,2,25,29.6,7,9,103,0,3,73.7,77.6,77.0,63.0,,,77.1,60.0,23,0,0,0,0,37,93,7,0,13,4,164,55,2.75,8.2,,6
Corey Kiner,86392,HB,CINCINNATI,1,19,11,3,56.1,64,0,114,1,0,11,74,214.2,4,7,138,0,5,76.5,82.2,77.2,,62.6,31.5,85.1,60.0,25,0,-2,1,9,21,0,0,3,20,1,114,74,3.89,6.0,-0.22,14
Jordan Nubin,144983,HB,MINNESOTA,1,19,1,0,0.0,0,0,75,0,0,1,58,16.1,1,4,225,0,5,76.5,65.7,75.4,,81.8,54.8,65.1,60.0,10,0,0,0,10,22,0,0,1,19,0,75,58,3.05,3.9,0.0,14
Jarquez Hunter,146662,HB,AUBURN,1,19,5,3,80.3,147,0,183,0,0,5,88,110.3,3,6,115,0,4,76.7,77.1,76.4,,82.0,60.0,75.2,69.5,67,0,3,2,13,28,0,0,2,21,2,183,88,4.63,9.6,0.23,15
George Holani,72154,HB,BOISE ST,1,19,4,1,21.5,17,0,79,0,2,4,56,70.7,2,4,120,0,8,76.5,71.2,78.2,,36.0,70.7,72.8,65.5,17,0,61,6,37,22,0,0,6,25,1,79,56,2.95,4.2,1.65,11
Byrum Brown,156206,QB,USF,1,19,5,1,24.6,28,0,64,0,0,3,61,127.1,3,3,327,3,4,18.4,60.5,78.1,65.9,,56.7,52.7,60.0,28,2,0,0,1,36,50,7,0,12,0,114,112,5.89,6.0,0.0,3
Emani Bailey,122630,HB,TCU,1,19,2,1,28.1,16,0,57,0,1,2,51,33.6,1,5,305,0,8,76.5,67.5,77.8,,44.1,67.5,68.3,59.1,16,0,36,5,35,22,0,0,5,24,2,57,51,2.68,3.0,1.03,11
Demond Claiborne,157523,HB,WAKE,1,19,4,0,0.0,0,0,81,0,0,4,63,69.8,2,5,339,0,7,77.0,61.3,75.4,,80.5,55.7,60.4,58.8,14,0,0,0,7,23,0,0,0,19,0,81,63,3.32,4.3,0.0,12
LeQuint Allen,158290,HB,SYRACUSE,1,19,3,2,60.7,88,0,145,1,1,3,85,89.5,3,5,304,0,10,77.5,63.4,77.0,,,43.1,71.7,44.1,56,0,4,1,20,28,0,0,3,20,0,145,85,4.47,7.6,0.2,9
Ethan Vasko,163817,QB,COAST CAR,1,19,2,2,48.9,90,0,172,0,0,1,58,20.1,4,7,141,0,3,75.1,73.8,77.6,60.2,,,77.0,60.0,75,1,0,0,0,42,12,2,0,17,1,184,65,3.42,9.7,,6
Zach Hrbacek,150270,HB,SM HOUSTON,1,18,1,0,0.0,0,0,50,0,0,1,18,5.0,1,3,281,0,7,76.2,56.4,77.2,,76.7,62.4,55.0,59.2,10,0,25,2,17,22,0,0,2,20,0,50,18,1.0,2.8,1.47,11
Jordan Waters,97754,HB,DUKE,1,18,4,1,31.6,24,0,76,0,0,4,44,54.3,1,3,154,0,9,76.5,73.5,74.3,,82.4,57.5,71.0,60.0,24,0,0,0,5,21,0,0,0,18,1,76,44,2.44,4.2,0.0,9
Raheim Sanders,146626,HB,ARKANSAS,1,18,6,1,18.4,19,0,103,0,0,6,82,136.7,4,5,111,0,4,76.5,72.5,0.0,,76.3,57.4,76.9,57.4,19,1,14,2,19,32,0,0,2,20,0,103,82,4.56,5.7,0.74,14
Donovan Smith,73929,QB,HOUSTON,1,18,3,0,0.0,0,0,43,0,0,3,21,37.3,1,7,182,0,8,74.0,79.1,76.5,74.8,,,70.0,60.0,11,0,0,0,0,26,32,5,0,13,1,75,33,1.83,4.2,,2
Ty Son Lawton,78578,HB,JAMES MAD,1,18,4,2,35.4,34,0,96,0,1,4,45,52.1,4,5,197,0,17,76.2,71.1,0.0,,20.4,77.6,74.0,56.0,19,1,57,6,25,26,0,0,6,24,0,96,45,2.5,5.3,2.28,1
Jalen White,122464,HB,GA SOUTHRN,1,17,4,3,52.2,83,0,159,0,0,4,73,101.0,7,8,174,0,12,75.8,77.5,75.8,,29.2,53.3,81.1,,39,0,0,0,16,17,0,0,0,17,2,159,73,4.29,9.4,0.0,4
Ayo Adeyi,145320,HB,N TEXAS,1,17,2,2,38.1,40,0,105,0,0,2,38,24.8,2,4,251,0,1,75.8,66.4,75.6,,8.5,66.2,69.4,58.4,24,1,15,1,11,22,0,0,1,18,0,105,38,2.24,6.2,1.36,16
Nicholas Vattiato,145302,QB,MIDDLE TN,1,17,4,0,0.0,0,0,73,0,0,2,39,96.3,4,7,224,0,5,72.7,71.9,77.2,62.2,,,73.6,60.0,13,0,0,0,0,21,42,8,0,9,0,115,51,3.0,6.8,,4
Ron Cook Jr.,97070,HB,BUFFALO,1,17,3,2,53.6,52,0,97,0,0,3,46,40.6,3,6,126,0,6,75.9,66.9,77.0,,20.7,57.8,74.6,44.3,36,0,35,3,31,27,0,0,5,20,0,97,46,2.71,5.7,1.13,11
Audric Estime,147476,HB,NOTRE DAME,1,17,3,2,55.2,48,0,87,0,1,3,61,68.3,2,3,258,0,13,75.9,79.2,75.7,,37.1,72.5,79.9,60.0,25,0,33,4,14,18,0,0,4,21,1,87,61,3.59,5.1,2.36,4
Jamal Haynes,143918,HB,GA TECH,1,17,6,2,51.3,61,0,119,0,1,6,40,82.4,4,6,176,0,11,75.9,78.0,75.3,,70.0,63.5,78.5,58.8,43,0,7,3,15,22,0,0,3,20,1,119,40,2.35,7.0,0.47,6
Zac Larrier,104193,QB,AIR FORCE,1,17,3,1,24.2,15,0,40,0,0,1,21,11.5,2,2,101,3,6,24.4,30.7,76.7,29.6,,,49.8,60.0,15,0,-8,1,0,32,22,4,1,14,0,62,30,1.76,3.6,,0
Jonah Coleman,158717,HB,ARIZONA,1,17,7,2,46.8,36,0,77,0,0,7,69,149.5,3,6,109,0,3,76.2,75.9,76.2,,82.5,58.2,75.9,,19,0,-11,2,14,18,0,0,2,19,0,77,69,4.06,4.5,-0.79,14
Ron Wiggins,125380,HB,JVILLE ST,1,17,6,1,41.1,37,0,90,0,1,6,63,144.1,2,4,196,1,4,29.8,61.2,74.8,,,63.0,60.5,60.2,37,0,15,1,10,24,0,0,1,18,0,90,63,3.71,5.3,1.5,13
Daijun Edwards,124021,HB,GEORGIA,1,16,3,2,51.9,40,0,77,0,0,3,80,83.3,3,4,173,0,4,75.5,67.7,76.5,,79.4,63.6,67.0,60.0,22,0,28,2,18,17,0,0,2,18,0,77,80,5.0,4.8,1.56,12
Sean Dollars,71332,HB,NEVADA,1,16,2,0,0.0,0,0,55,0,0,2,37,28.9,1,4,239,0,5,76.2,63.8,79.3,,65.2,52.7,66.3,55.6,14,0,0,0,19,24,0,0,0,16,2,55,37,2.31,3.4,0.0,8
Mitch Griffis,123386,QB,WAKE,1,16,0,0,0.0,0,0,12,0,0,0,5,0.0,0,2,339,2,3,19.6,53.7,76.9,71.2,,,41.8,60.0,8,0,0,0,0,33,52,12,0,4,2,64,29,1.81,4.0,,0
Kobe Lewis,77800,HB,FAU,1,16,3,0,0.0,0,0,80,0,0,3,47,55.1,2,3,165,0,9,75.5,65.6,77.1,,79.4,53.2,63.1,80.3,14,0,0,0,20,20,0,0,2,16,1,80,47,2.94,5.0,0.0,7
Mario Anderson Jr.,169699,HB,S CAROLINA,1,16,4,1,53.3,40,0,75,0,4,4,43,107.5,1,1,289,0,1,75.6,63.2,77.9,,11.7,68.9,63.8,68.2,40,0,40,4,30,23,0,0,4,20,0,75,43,2.69,4.7,1.33,15
Bucky Irving,144970,HB,OREGON,1,16,8,2,37.8,31,0,82,0,1,8,50,140.6,4,7,264,0,9,76.2,72.6,76.9,,71.8,62.3,76.6,51.4,16,0,28,4,27,23,0,0,4,20,1,82,50,3.13,5.1,1.04,7
Kevorian Barnes,145514,HB,UTSA,1,16,5,3,62.0,80,0,129,0,0,5,63,123.0,5,7,331,0,6,75.5,82.9,72.8,,74.9,58.2,80.1,58.0,44,0,0,0,3,19,0,0,0,16,2,129,63,3.94,8.1,0.0,10
Kiael Kelly,145634,QB,BALL ST,1,16,6,1,44.4,44,0,70,0,0,3,22,66.0,1,5,117,2,5,22.5,53.9,77.1,48.6,,,60.7,60.0,44,0,0,0,0,40,29,6,0,10,2,99,31,1.94,6.2,,2
Deion Hankins,97310,HB,UTEP,1,16,3,0,0.0,0,0,67,0,0,3,39,43.0,2,4,330,0,0,75.5,68.0,75.9,,84.8,63.9,64.9,60.0,14,0,3,1,3,20,0,0,1,17,0,67,39,2.44,4.2,1.0,16
Jahiem White,173192,HB,W VIRGINIA,1,16,7,3,55.5,81,0,146,0,0,7,77,210.5,5,5,343,0,8,75.5,83.5,74.9,,76.1,55.2,82.5,,32,0,0,0,10,16,0,0,0,16,0,146,77,4.81,9.1,0.0,8
Zion Webb,63555,QB,JVILLE ST,1,16,2,1,37.1,26,0,69,0,0,1,42,18.7,2,5,196,0,7,74.2,67.6,77.0,62.8,,,66.1,60.0,26,1,0,0,0,44,1,1,0,15,0,70,51,3.19,4.4,,5
Terion Stewart,130386,HB,BOWL GREEN,1,15,9,1,58.7,54,0,92,0,0,9,75,300.0,2,2,122,0,8,75.2,71.5,0.0,,48.4,58.2,71.3,60.0,54,1,0,0,2,17,0,0,0,15,1,92,75,5.0,6.1,0.0,7
Blake Corum,129574,HB,MICHIGAN,1,15,0,0,0.0,0,0,44,0,0,0,37,0.0,0,4,222,0,11,75.2,64.8,75.1,,28.8,62.3,66.1,59.6,9,1,3,2,12,17,0,0,2,17,3,44,37,2.47,2.9,0.25,4
Dontae Smith,77717,HB,GA TECH,1,15,2,1,42.3,33,0,78,0,1,2,66,73.3,2,5,176,0,9,75.6,84.3,75.1,,73.4,80.4,80.0,72.0,33,0,35,3,13,18,0,0,3,18,2,78,66,4.4,5.2,2.69,6
Omarion Hampton,162750,HB,N CAROLINA,1,15,8,2,48.6,70,0,144,0,1,8,95,356.2,3,7,245,0,5,75.2,83.6,74.5,,70.8,56.1,86.5,,54,0,-1,1,18,15,0,0,1,16,2,144,95,6.33,9.6,-0.06,10
Zak Wallace,104843,HB,ARK STATE,1,15,3,1,20.5,18,0,88,0,0,3,47,58.7,1,5,113,0,1,75.2,75.6,75.4,,27.7,64.3,79.0,51.4,18,0,4,1,15,26,0,0,1,16,1,88,47,3.13,5.9,0.27,14
KJ Jefferson,99129,QB,ARKANSAS,1,15,5,2,42.9,45,0,73,0,0,4,65,153.8,5,6,111,2,2,46.3,66.2,77.8,52.8,,60.0,75.8,60.0,25,0,0,0,0,44,32,2,0,13,1,105,92,6.13,7.0,,5
LJ Johnson Jr.,147003,HB,SMU,1,15,4,1,26.0,19,0,73,1,0,4,44,65.2,1,4,287,0,3,75.2,68.2,74.9,,79.5,48.6,69.5,,19,0,26,3,9,15,0,0,4,18,0,73,44,2.93,4.9,2.89,12
La'Damian Webb,122423,HB,S ALABAMA,1,15,0,1,41.5,22,0,53,0,0,0,19,0.0,1,3,288,0,0,75.2,69.2,75.1,,78.3,55.3,70.4,60.0,22,0,2,1,15,17,0,0,1,16,1,53,19,1.27,3.5,0.13,15
Nate Carter,147376,HB,MICH STATE,1,15,1,0,0.0,0,0,50,0,0,1,40,15.7,0,1,223,0,0,75.2,66.2,75.4,,76.1,68.5,65.1,56.7,9,0,9,2,12,19,0,0,2,17,0,50,40,2.67,3.3,0.75,15
Josh Henderson,99594,HB,INDIANA,1,15,3,0,0.0,0,0,40,0,0,3,35,46.7,0,1,190,0,3,75.2,57.9,76.5,,15.4,52.7,65.4,53.3,7,0,0,0,17,32,0,0,0,15,0,40,35,2.33,2.7,0.0,12
Torrance Burgess Jr.,163031,HB,UTEP,1,15,4,1,19.8,17,0,86,0,1,4,50,104.2,3,4,330,0,1,75.8,70.7,74.8,,73.3,59.8,69.7,59.9,17,0,-1,1,7,16,0,0,1,16,0,86,50,3.33,5.7,-0.14,14
Eli Sanders,144541,HB,IOWA STATE,1,14,3,0,0.0,0,0,57,0,0,3,30,45.9,1,2,193,0,6,75.5,71.6,75.1,,87.2,55.4,70.6,,10,0,0,0,7,16,0,0,0,14,1,57,30,2.14,4.1,0.0,8
Diego Pavia,156927,QB,NEW MEX ST,1,14,8,1,33.8,24,0,50,0,0,3,19,70.4,2,4,242,0,4,72.5,58.9,77.1,53.4,,,65.4,60.0,24,1,0,0,0,30,21,5,0,9,0,71,42,3.0,5.1,,4
Obie Sanni,145354,HB,DOMINION,1,14,4,2,46.7,35,0,75,0,0,4,52,92.9,3,4,263,0,5,74.8,75.7,74.8,,73.0,59.9,76.7,60.0,18,0,13,2,14,17,0,0,2,16,0,75,52,3.71,5.4,0.93,9
Jacquez Stuart,97125,HB,TOLEDO,1,14,4,0,0.0,0,0,40,0,2,4,15,40.2,3,3,316,1,8,28.6,59.1,74.4,,76.4,79.6,55.2,58.7,14,0,21,2,10,18,0,0,2,16,1,40,15,1.07,2.9,2.1,6
Kaytron Allen,164158,HB,PENN STATE,1,14,9,1,20.9,19,0,91,0,0,9,59,252.9,3,6,266,0,6,74.8,87.0,76.1,,79.9,56.9,87.4,60.0,19,0,1,1,10,16,0,0,1,15,1,91,59,4.21,6.5,0.1,8
John Rhys Plumlee,97602,QB,UCF,1,14,2,0,0.0,0,0,45,0,0,2,19,22.5,2,3,323,1,7,40.6,57.8,76.5,58.0,,,58.3,60.0,11,0,0,0,0,36,7,1,0,13,1,52,19,1.36,3.7,,2
Jaylon Glover,158484,HB,UTAH,1,14,3,0,0.0,0,0,64,0,0,3,28,40.0,3,4,328,0,5,74.8,66.4,75.9,,78.8,57.4,66.4,60.0,14,0,3,1,9,17,0,0,1,15,0,64,28,2.0,4.6,0.33,9
Jawhar Jordan,99595,HB,LOUISVILLE,1,14,3,0,0.0,0,0,57,0,0,3,34,45.5,1,4,210,0,5,74.8,68.3,74.4,,,74.9,66.1,59.7,14,0,4,2,6,16,0,0,2,16,1,57,34,2.43,4.1,0.67,9
Jaylen Thomas,97201,HB,KENT STATE,1,14,3,0,0.0,0,1,36,1,0,3,32,49.0,0,3,201,0,4,74.8,59.8,0.0,,80.4,37.3,66.5,62.6,9,1,0,0,11,26,0,0,1,14,0,36,32,2.29,2.6,0.0,10
Jaylen Raynor,172203,QB,ARK STATE,1,14,3,0,0.0,0,0,23,0,0,1,11,13.6,2,6,113,1,4,39.8,70.7,77.5,61.4,,,72.3,60.0,13,0,0,0,0,45,38,5,0,9,2,61,34,2.43,4.4,,3
CJ Donaldson,157372,HB,W VIRGINIA,1,14,1,1,22.5,23,0,102,3,0,1,33,16.8,4,7,343,0,4,74.8,61.1,0.0,,76.8,25.9,77.0,57.1,23,1,0,0,12,17,0,0,3,14,2,102,33,2.36,7.3,0.0,9
Rajaez Mosley,186554,HB,W GEORGIA,1,13,2,0,0.0,0,0,46,0,0,2,31,36.7,1,2,1177,1,1,25.7,51.9,74.2,,79.0,56.1,49.8,67.0,13,0,0,0,6,20,0,0,0,13,0,46,31,2.38,3.5,0.0,12
Brendan Sullivan,145034,QB,NWESTERN,1,13,1,0,0.0,0,0,23,0,0,1,11,11.0,0,2,256,0,3,72.6,65.4,76.8,68.7,,,57.5,60.3,8,0,0,0,0,35,15,3,0,10,0,38,32,2.46,2.9,,2
Devin Mockobee,145111,HB,PURDUE,1,13,0,0,0.0,0,0,38,0,0,0,29,0.0,1,1,273,0,7,74.4,50.9,73.3,,0.0,61.9,59.4,,10,0,4,1,6,13,0,0,1,14,0,38,29,2.23,2.9,0.67,6
Ja'Quez Cross,145108,HB,ARK STATE,1,13,0,0,0.0,0,0,58,0,1,0,38,15.4,1,3,113,0,1,74.6,72.8,74.6,,,86.0,67.8,59.6,12,0,66,6,18,18,0,0,6,19,0,58,38,2.92,4.5,3.67,12
Robert Henry Jr.,174094,HB,UTSA,1,13,3,0,0.0,0,0,43,0,0,3,36,63.9,1,2,331,0,4,74.8,75.6,75.1,,68.1,54.2,76.2,60.0,11,0,0,0,10,18,0,0,0,13,1,43,36,2.77,3.3,0.0,9
Larry McCammon III,97309,HB,FAU,1,13,0,0,0.0,0,0,68,1,0,0,40,0.0,1,2,165,0,10,74.4,65.3,73.9,,74.1,39.9,70.7,60.0,12,0,6,1,13,14,0,0,3,14,0,68,40,3.08,5.2,0.46,2
Gavin Sawchuk,158088,HB,OKLAHOMA,1,13,2,3,84.7,94,0,111,0,0,2,28,30.8,3,4,261,0,8,74.4,64.9,75.7,,55.6,55.2,67.2,60.0,64,0,5,1,20,15,0,0,1,14,1,111,28,2.15,8.5,0.25,5
Djouvensky Schlenbaker,157345,HB,WASH STATE,1,13,0,0,0.0,0,0,34,0,0,0,19,0.0,0,2,341,0,2,74.4,60.8,76.0,,78.8,52.6,62.6,60.0,9,0,4,1,31,15,0,0,3,14,0,34,19,1.46,2.6,0.13,11
Rasheen Ali,121717,HB,MARSHALL,1,13,2,1,58.1,43,0,74,1,1,2,28,43.1,1,3,214,0,4,74.8,62.0,76.5,,32.4,44.5,69.6,59.7,43,0,7,2,20,17,0,0,3,15,0,74,28,2.15,5.7,0.35,9
Ja'Quinden Jackson,123119,HB,UTAH,1,13,4,2,63.1,70,0,111,0,0,4,86,203.6,3,3,328,0,2,74.4,76.3,75.6,,76.3,54.5,77.3,59.4,54,0,0,0,12,17,0,0,0,13,1,111,86,6.62,8.5,0.0,11
Emmett Johnson,156473,HB,NEBRASKA,1,13,4,0,0.0,0,0,57,0,0,4,37,81.3,3,5,238,0,6,74.4,60.0,76.4,,13.9,56.5,65.9,60.0,11,0,6,1,16,15,0,0,1,14,1,57,37,2.85,4.4,0.38,7
Rahjai Harris,123814,HB,E CAROLINA,1,13,5,0,0.0,0,0,52,0,0,5,39,115.4,1,4,156,0,4,74.4,60.8,74.1,,27.0,55.1,66.0,43.6,11,0,0,0,9,16,0,0,0,13,0,52,39,3.0,4.0,0.0,9
Marcus Carroll,123849,HB,GA STATE,1,13,2,2,100.0,33,0,33,1,1,2,13,18.8,3,3,175,0,3,74.5,60.5,75.5,,20.0,57.9,63.0,57.8,17,0,30,3,16,20,0,0,4,16,0,33,13,1.0,2.5,1.88,10
Jase McClellan,123926,HB,ALABAMA,1,13,0,0,0.0,0,0,60,0,0,0,37,0.0,1,4,103,0,10,74.4,65.5,75.4,,74.9,64.2,64.6,59.8,10,0,42,1,17,20,0,0,1,14,1,60,37,2.85,4.6,2.47,3
Davon Booth,174754,HB,UTAH ST,1,13,4,3,67.5,52,0,77,0,0,4,47,103.3,3,3,329,0,7,74.4,74.4,74.4,,27.2,56.1,77.6,60.0,19,0,5,1,12,14,0,0,2,14,1,77,47,3.62,5.9,0.42,6
Rodney Hammond Jr.,144024,HB,PITTSBURGH,1,13,1,0,0.0,0,0,59,0,0,1,28,16.6,2,4,268,1,6,25.7,66.9,76.3,,83.4,55.2,65.4,,11,0,0,0,6,13,0,0,0,13,0,59,28,2.15,4.5,0.0,7
Bill Jackson,144448,HB,TULSA,1,13,3,2,53.3,32,0,60,0,0,3,40,71.0,2,4,320,0,3,74.4,68.6,75.4,,79.4,55.1,66.6,67.6,16,0,0,0,8,18,0,0,0,13,0,60,40,3.08,4.6,0.0,10
Cam Porter,129732,HB,NWESTERN,1,12,0,0,0.0,0,0,36,0,0,0,20,0.0,0,2,256,0,4,74.4,63.0,76.3,,78.4,56.2,63.5,58.0,8,0,0,0,9,21,0,0,0,12,0,36,20,1.67,3.0,0.0,8
Gavin Wimsatt,155757,QB,RUTGERS,1,12,3,1,30.4,17,0,56,0,0,2,22,36.4,2,1,278,1,3,40.1,47.9,23.7,54.2,,,49.5,60.0,17,1,0,0,0,44,0,1,0,11,0,56,28,2.33,4.7,,7
Kenyon Clay,156837,HB,SO MISS,1,12,2,1,34.8,16,0,46,0,0,2,24,33.3,2,3,296,0,3,74.0,68.7,73.5,,76.7,57.4,67.6,59.0,16,0,0,0,3,16,0,0,0,12,0,46,24,2.0,3.8,0.0,9
Montrell Johnson Jr.,147141,HB,FLORIDA,1,12,1,0,0.0,0,0,35,0,1,1,29,32.2,1,2,163,0,3,74.1,65.5,77.7,,78.5,63.5,64.4,,10,0,17,3,20,12,0,0,4,15,0,35,29,2.42,2.9,0.85,9
Peny Boone,129498,HB,TOLEDO,1,12,3,2,73.3,88,0,120,0,0,3,22,42.3,2,1,316,2,6,16.1,49.0,74.1,,71.5,26.9,57.0,60.0,71,0,10,1,8,16,0,0,1,13,1,120,22,1.83,10.0,1.25,6
Trey Benson,131705,HB,FLORIDA ST,1,12,3,2,72.2,70,0,97,0,0,3,37,77.1,2,4,167,0,5,74.0,75.1,76.5,,73.2,53.9,75.8,65.5,55,0,0,0,12,17,0,0,0,12,1,97,37,3.08,8.1,0.0,7
Nay'Quan Wright,98803,HB,USF,1,12,0,0,0.0,0,0,22,0,0,0,29,0.0,0,2,327,0,7,73.6,65.0,76.5,,79.8,54.1,68.0,57.6,7,0,-2,1,27,20,0,0,1,13,1,22,29,2.42,1.8,-0.07,4
Amari Daniels,146991,HB,TEXAS A&M,1,12,2,0,0.0,0,0,70,0,0,2,32,35.6,3,7,312,0,6,74.1,71.3,77.5,,16.2,59.7,78.9,59.4,13,0,7,3,27,18,0,0,3,15,1,70,32,2.67,5.8,0.26,6
Austin Jones,97183,HB,USC,1,12,1,2,44.1,56,0,127,0,0,1,55,38.2,6,7,326,0,5,74.0,73.9,76.6,,81.9,50.5,80.8,59.4,31,0,0,0,29,16,0,0,0,12,0,127,55,4.58,10.6,0.0,7
Trevor Etienne,157730,HB,FLORIDA,1,12,3,2,72.5,58,0,80,0,2,3,74,220.2,2,5,163,0,3,74.5,81.0,76.2,,25.1,87.9,78.2,,32,0,43,2,13,12,0,0,2,14,1,80,74,6.17,6.7,3.31,9
Elijah Young,124223,HB,W KENTUCKY,1,12,5,3,78.4,109,0,139,0,0,5,92,319.4,3,4,346,0,7,74.5,86.6,74.2,,72.7,53.0,84.0,64.1,64,0,0,0,8,14,0,0,0,12,2,139,92,7.67,11.6,0.0,5
T.J. Finley,124093,QB,TEXAS ST,1,12,2,0,0.0,0,0,11,0,0,0,6,0.0,2,2,314,0,1,72.1,70.4,27.9,71.5,,,62.8,60.0,16,1,0,0,0,40,34,4,0,8,2,45,32,2.67,3.8,,1
Brendan Sorsby,156398,QB,INDIANA,1,12,1,0,0.0,0,0,22,0,0,1,15,15.0,1,5,190,2,2,24.7,58.2,77.2,59.6,,,56.1,60.0,13,0,0,0,0,37,12,2,0,10,1,34,28,2.33,2.8,,2
Oscar Adaway III,100835,HB,N TEXAS,1,12,1,1,53.3,32,0,60,0,0,1,29,20.1,2,5,251,0,1,74.0,65.0,74.5,,78.7,52.7,66.5,60.0,32,0,0,0,13,14,0,0,1,12,1,60,29,2.42,5.0,0.0,9
Cam Skattebo,147787,HB,ARIZONA ST,1,12,2,0,0.0,0,0,31,0,0,2,24,33.3,0,2,110,0,7,73.8,57.9,78.7,70.3,22.8,52.8,59.8,59.8,6,0,0,0,12,16,0,0,0,12,0,31,24,2.0,2.6,0.0,5
Jordan McCloud,101058,QB,JAMES MAD,1,12,0,2,47.7,51,0,85,0,0,0,13,0.0,3,5,197,1,4,72.2,85.0,77.3,79.3,,,74.0,60.0,27,0,0,0,0,34,22,4,0,8,2,107,19,1.58,8.9,,4
Tommy Ulatowski,163150,QB,KENT STATE,1,12,0,0,0.0,0,0,24,0,0,0,21,0.0,0,3,201,0,7,72.9,78.7,76.3,85.3,,,57.4,60.0,9,0,0,0,0,33,7,1,0,11,1,31,22,1.83,2.6,,3
Nate Noel,122249,HB,APP STATE,1,12,1,0,0.0,0,0,26,0,0,1,24,14.3,0,3,108,0,0,74.8,62.1,75.1,,60.8,62.1,61.4,60.0,8,0,18,2,10,15,0,0,2,14,0,26,24,2.0,2.2,1.8,12
Isaac Guerendo,83806,HB,LOUISVILLE,1,11,6,4,83.6,122,0,146,0,0,6,103,510.7,5,5,210,0,4,73.5,91.5,74.1,,,56.9,90.2,,39,0,0,0,5,11,0,0,0,11,3,146,103,9.36,13.3,0.0,7
Landon Sims,146065,HB,HAWAII,1,11,0,0,0.0,0,0,65,0,0,0,15,0.0,3,3,180,0,7,73.5,68.8,75.5,,60.0,56.9,69.2,59.3,13,0,0,0,4,16,0,0,2,11,0,65,15,1.36,5.9,0.0,4
John Gentry,128379,HB,SM HOUSTON,1,11,0,0,0.0,0,0,43,0,1,0,17,9.7,0,5,281,0,5,73.8,62.9,75.7,,3.9,70.2,65.2,56.1,8,0,13,5,18,14,0,0,5,16,0,43,17,1.55,3.9,0.72,6
Payton Thorne,101629,QB,AUBURN,1,11,2,0,0.0,0,0,33,0,0,1,16,32.7,1,1,115,0,1,71.6,68.4,76.8,78.8,,,49.2,60.1,13,0,0,0,0,32,8,4,0,7,0,41,26,2.36,3.7,,3
Avery Morrow,128240,HB,COLO STATE,1,11,0,0,0.0,0,0,39,0,0,0,17,0.0,1,2,144,0,3,73.6,61.6,75.2,,80.4,55.9,61.6,60.0,13,0,-2,1,16,13,0,0,2,12,0,39,17,1.55,3.5,-0.13,8
Jaylan Knighton,122215,HB,SMU,1,11,3,0,0.0,0,0,55,0,0,3,29,65.9,2,4,287,1,5,24.5,58.0,75.0,,80.3,64.8,55.8,59.2,13,0,28,1,7,15,0,0,1,12,0,55,29,2.64,5.0,4.0,6
Donerio Davenport,134974,HB,TEXAS ST,1,11,3,1,20.0,15,0,75,0,1,3,60,167.8,4,5,314,0,2,73.6,79.1,74.0,,78.0,75.6,76.0,60.0,15,0,26,2,8,13,0,0,2,13,1,75,60,5.45,6.8,3.25,9
Lucky Sutton,158807,HB,S DIEGO ST,1,11,3,1,72.1,62,0,86,0,0,3,84,208.3,1,1,284,0,9,73.5,62.5,73.7,,67.9,56.5,62.5,59.5,62,0,0,0,4,13,0,0,0,11,0,86,84,7.64,7.8,0.0,2
Frank Harris,60586,QB,UTSA,1,11,0,1,55.6,30,0,43,0,0,0,15,0.0,1,5,331,0,1,72.3,82.2,77.4,75.4,,,74.3,60.0,30,0,0,0,0,50,11,2,0,9,0,54,22,2.0,4.9,,2
Bhayshul Tuten,150568,HB,VA TECH,1,11,3,1,28.1,16,0,57,0,0,3,31,60.4,3,4,337,1,0,27.8,60.8,74.2,,5.5,48.9,65.4,67.7,16,0,3,3,17,14,0,0,4,14,0,57,31,2.82,5.2,0.18,10
Tyrone Tracy,84226,HB,PURDUE,1,11,2,1,39.3,24,0,61,0,0,2,42,58.7,3,3,273,0,6,74.0,64.7,75.0,,68.1,61.2,65.1,57.2,24,0,13,2,12,15,0,0,2,13,0,61,42,3.82,5.5,1.08,5
Brayden Schager,146078,QB,HAWAII,1,11,1,0,0.0,0,0,41,0,0,1,22,27.2,3,4,180,1,2,42.8,83.0,77.0,83.9,,,63.5,60.0,11,1,0,0,0,28,12,2,0,9,0,53,22,2.0,4.8,,1
Keshawn Wicks,97625,HB,DOMINION,1,11,0,1,39.3,22,0,56,0,0,0,27,0.0,1,2,263,0,4,73.6,65.9,73.9,,14.7,74.9,64.1,59.7,22,0,26,2,13,14,0,0,2,13,0,56,27,2.45,5.1,2.0,7
Anwar Lewis,163961,HB,JVILLE ST,1,11,1,0,0.0,0,0,36,0,1,1,24,36.4,0,3,196,0,2,74.4,65.3,74.2,,51.0,58.0,66.1,60.1,9,0,3,1,8,18,0,0,2,12,1,36,24,2.18,3.3,0.38,9
Dominic Richardson,122985,HB,BAYLOR,1,11,2,0,0.0,0,0,51,0,1,2,39,70.9,1,3,118,0,6,73.7,72.1,74.3,,,77.3,69.5,,11,0,28,4,13,11,0,0,5,15,0,51,39,3.55,4.6,2.15,5
CJ Beasley,122317,HB,COAST CAR,1,11,3,1,37.8,17,0,45,0,0,3,35,63.6,1,3,141,0,1,73.7,71.5,75.9,,35.8,72.4,73.3,52.8,17,0,32,4,13,22,0,0,4,15,1,45,35,3.18,4.1,2.46,10
Jackson Acker,145157,HB,WISCONSIN,1,11,1,0,0.0,0,0,48,0,0,1,33,20.0,1,2,349,0,3,73.7,68.3,76.5,,72.1,64.3,68.1,59.5,14,0,9,4,16,14,0,0,5,15,0,48,33,3.0,4.4,0.56,8
Jaquez Moore,143866,HB,DUKE,1,11,2,2,75.0,57,0,76,0,1,2,52,118.2,2,2,154,0,7,73.6,59.0,73.2,,14.3,67.0,63.9,47.1,32,0,13,1,8,11,0,0,1,12,1,76,52,4.73,6.9,1.63,4
Ethan Crawford,173571,QB,SO MISS,1,10,3,1,42.1,16,0,38,0,0,3,26,78.0,2,1,296,0,6,73.4,66.0,73.0,43.1,,,69.1,60.0,16,0,0,0,0,22,0,0,0,10,0,38,26,2.6,3.8,,4
Deshaun Fenwick,83759,HB,OREGON ST,1,10,1,1,43.6,17,0,39,0,0,1,36,32.7,1,2,265,1,5,23.6,60.3,74.2,,35.0,84.5,58.4,57.9,17,0,20,1,4,13,0,0,2,11,0,39,36,3.6,3.9,5.0,5
Greg Desrosiers Jr.,158759,HB,UMASS,1,10,8,3,80.9,131,0,162,0,0,8,117,936.0,4,6,216,0,9,73.1,94.0,73.9,,,56.2,93.2,59.9,57,0,0,0,6,14,0,0,0,10,3,162,117,11.7,16.2,0.0,1
Anthony Tyus III,145037,HB,NWESTERN,1,10,1,0,0.0,0,1,40,0,0,1,33,33.0,0,3,256,0,3,73.1,67.2,74.0,,77.4,56.9,66.4,59.4,9,1,0,0,4,13,0,0,0,10,0,40,33,3.3,4.0,0.0,6
Cade Yacamelli,158712,HB,WISCONSIN,1,10,1,0,0.0,0,0,48,0,0,1,36,32.7,2,2,349,1,3,25.2,58.0,73.4,,72.4,29.4,64.4,60.0,12,0,9,1,9,12,0,0,1,11,0,48,36,3.6,4.8,1.0,6
Carlos Del Rio-Wilson,146687,QB,SYRACUSE,1,10,0,2,63.4,45,0,66,0,0,0,20,0.0,2,2,304,0,1,72.1,28.1,76.0,24.9,,,59.1,60.3,27,0,0,0,0,28,5,1,0,9,1,71,20,2.0,7.1,,4
Aidan Robbins,98030,HB,BYU,1,10,1,0,0.0,0,0,37,0,1,1,17,26.2,2,3,128,0,3,73.2,65.7,77.0,,64.7,60.2,68.2,60.0,10,0,31,3,32,11,0,0,3,13,1,37,17,1.7,3.7,0.97,7
Jayden Daniels,97993,QB,LSU,1,10,5,1,14.4,24,0,45,0,0,3,17,318.8,5,7,211,0,3,70.4,92.0,76.0,78.8,,,91.5,60.0,40,0,0,0,0,17,122,6,0,4,1,167,101,10.1,16.7,,0
Dre Washington,147143,HB,LA LAFAYET,1,10,0,1,48.6,17,0,35,0,0,0,20,0.0,1,1,207,0,1,73.1,54.9,73.5,,16.9,54.2,58.1,60.0,17,0,0,0,7,11,0,0,0,10,0,35,20,2.0,3.5,0.0,9
Tyre Shelton,77038,HB,LA TECH,1,10,0,0,0.0,0,0,29,0,0,0,13,0.0,0,2,208,0,4,73.1,64.8,73.9,,70.0,56.7,66.1,60.0,7,0,-2,1,15,11,0,0,1,11,0,29,13,1.3,2.9,-0.13,6
Dawson Pendergrass,174637,HB,BAYLOR,1,10,4,0,0.0,0,0,52,0,0,4,37,123.3,1,3,118,0,7,73.2,71.7,75.9,,24.0,57.8,78.9,58.9,11,0,11,2,24,13,0,0,3,12,1,52,37,3.7,5.2,0.46,3
Jai'Den Thomas,174080,HB,UNLV,1,10,2,1,46.9,23,0,49,0,0,2,30,60.0,1,3,325,0,1,73.1,68.2,72.6,,54.6,58.3,71.9,47.3,23,0,0,0,2,16,0,0,0,10,0,49,30,3.0,4.9,0.0,9
Kenan Christon II,100601,HB,S DIEGO ST,1,10,2,1,71.4,25,0,35,1,4,2,18,60.0,1,3,284,0,3,73.6,66.6,0.0,,35.1,72.7,66.7,72.3,25,1,76,8,29,14,0,0,9,18,0,35,18,1.8,3.5,2.62,7
British Brooks,77714,HB,N CAROLINA,1,10,1,0,0.0,0,0,64,0,0,1,30,30.0,2,5,245,0,3,73.5,75.8,72.4,,77.5,57.2,73.6,,13,0,0,0,4,11,0,0,0,10,0,64,30,3.0,6.4,0.0,6
Rahsul Faison,176482,HB,UTAH ST,1,10,1,0,0.0,0,0,30,0,0,1,16,14.5,1,2,329,0,4,73.1,66.1,72.8,,80.5,74.1,62.4,60.0,13,0,6,1,4,11,0,0,1,11,0,30,16,1.6,3.0,1.5,6
Devin Grainger,78496,QB,GA STATE,1,10,1,2,74.6,88,0,99,0,0,1,57,116.3,3,3,175,0,1,71.4,72.2,75.4,61.5,,,74.6,60.0,58,0,0,0,0,22,19,3,0,7,2,118,63,6.3,11.8,,5
CJ Baxter,173153,HB,TEXAS,1,10,4,2,76.7,69,0,90,0,0,4,85,340.0,2,3,311,0,3,73.1,67.3,74.9,,14.1,53.1,74.2,60.0,54,0,0,0,14,12,0,0,0,10,1,90,85,8.5,9.0,0.0,5
AJ Green,127442,HB,ARKANSAS,1,10,2,0,0.0,0,0,34,0,0,2,15,27.3,0,0,111,1,3,23.6,56.3,74.2,,77.3,62.6,54.8,60.0,9,0,8,1,10,12,0,0,2,11,0,34,15,1.5,3.4,0.8,7
Rocko Griffin,124350,HB,UTSA,1,10,1,1,44.6,29,0,65,0,0,1,59,59.0,2,4,331,0,2,73.5,74.1,73.7,,74.2,55.5,74.4,60.0,29,0,0,0,9,13,0,0,0,10,1,65,59,5.9,6.5,0.0,8
Blake Watson,84363,HB,MEMPHIS,1,10,2,1,53.1,34,0,64,1,0,2,32,58.2,2,2,218,0,2,73.1,67.0,76.4,,83.5,39.7,73.5,71.4,34,0,4,1,29,15,0,0,3,11,1,64,32,3.2,6.4,0.14,8
Cameran Brown,184894,QB,W GEORGIA,1,10,2,0,0.0,0,0,29,0,0,1,17,26.6,0,6,1177,1,3,28.8,55.4,74.9,39.1,,,71.6,60.0,7,0,0,0,0,23,14,2,0,8,1,43,15,1.5,4.3,,5
Mike Wright Jr.,124366,QB,MISS STATE,1,9,0,0,0.0,0,0,22,0,0,0,11,0.0,1,2,227,0,4,71.4,51.3,75.3,46.4,,,62.0,60.0,12,0,0,0,0,20,10,2,0,7,0,32,14,1.56,3.6,,1
Robert Briggs,163425,HB,UTAH ST,1,9,1,1,33.9,20,0,59,0,0,1,32,39.5,2,3,329,0,5,72.5,72.1,73.0,,76.1,55.9,71.8,,20,0,0,0,7,9,0,0,0,9,1,59,32,3.56,6.6,0.0,4
Le'Veon Moss,158664,HB,TEXAS A&M,1,9,2,0,0.0,0,0,52,0,0,2,22,44.4,1,3,312,0,3,72.7,64.6,73.8,,,59.7,65.0,60.0,13,0,4,2,7,11,0,0,2,11,1,52,22,2.44,5.8,0.57,6
Cam Edwards,158615,HB,UCONN,1,9,2,0,0.0,0,0,21,0,1,2,17,51.5,1,1,146,0,4,73.6,62.8,75.4,,81.1,71.2,59.4,60.0,11,0,26,2,15,13,0,0,2,11,0,21,17,1.89,2.3,1.73,5
Vincent Davis,99593,HB,UNLV,1,9,8,1,34.4,22,0,64,0,0,8,24,237.0,2,7,325,0,3,72.5,82.5,73.9,,24.5,55.3,84.5,66.6,22,0,0,0,8,14,0,0,0,9,2,64,24,2.67,7.1,0.0,6
Treshaun Ward,99619,HB,KANSAS ST,1,9,0,0,0.0,0,0,30,0,0,0,25,0.0,0,2,199,0,7,72.7,58.9,74.5,,13.9,59.4,62.1,58.7,7,0,12,2,12,12,0,0,2,11,0,30,25,2.78,3.3,1.0,2
AJ Bianco,158232,QB,NEVADA,1,9,1,1,16.0,15,0,41,0,0,1,10,62.5,6,7,239,0,3,70.0,47.6,75.4,30.2,,,72.7,60.0,16,0,0,0,0,20,53,5,0,4,0,94,38,4.22,10.4,,0
Ashton Daniels,157259,QB,STANFORD,1,9,0,0,0.0,0,0,15,0,0,0,8,0.0,1,3,300,0,3,71.6,52.3,20.4,46.1,62.2,60.0,70.6,60.1,13,1,0,0,0,18,20,4,0,5,0,35,27,3.0,3.9,,0
DJ Uiagalelei,122162,QB,OREGON ST,1,9,4,0,0.0,0,0,26,0,0,3,26,121.9,1,4,265,0,1,71.9,81.7,76.7,77.4,,,70.8,60.0,14,0,0,0,0,38,5,1,0,8,1,31,40,4.44,3.4,,2
Kanye Udoh,171024,HB,ARMY,1,9,0,0,0.0,0,0,37,0,0,0,19,0.0,0,2,114,0,6,72.5,61.0,75.8,,59.9,58.0,67.0,44.1,9,0,0,0,3,31,0,0,0,9,0,37,19,2.11,4.1,0.0,3
Andrew Peasley,83581,QB,WYOMING,1,9,0,0,0.0,0,0,3,0,0,0,2,0.0,4,4,351,0,0,69.8,79.6,76.9,78.8,,,65.7,60.0,20,0,0,0,0,38,65,6,0,3,0,68,7,0.78,7.6,,1
Daniel Hishaw Jr.,122562,HB,KANSAS,1,9,7,0,0.0,0,0,29,0,0,7,31,267.9,0,1,198,0,4,72.5,68.3,72.1,,71.5,56.1,69.9,56.3,9,0,0,0,4,11,0,0,1,9,0,29,31,3.44,3.2,0.0,5
Michael Pratt,123229,QB,TULANE,1,9,3,0,0.0,0,0,21,0,0,0,13,0.0,3,5,319,1,3,36.9,77.7,77.1,67.4,,,79.8,60.0,13,0,0,0,0,39,13,2,0,7,0,34,20,2.22,3.8,,0
Jamoni Jones,156922,HB,NEW MEX ST,1,9,1,0,0.0,0,0,26,0,0,1,16,19.8,0,1,242,0,2,72.5,65.6,75.9,,81.7,53.8,66.6,54.4,8,0,0,0,10,17,0,0,0,9,0,26,16,1.78,2.9,0.0,7
Jacqez Barksdale,176082,HB,BUFFALO,1,9,0,0,0.0,0,0,25,0,0,0,20,0.0,1,2,126,0,0,73.0,53.0,74.9,,,56.4,61.2,26.8,10,0,4,1,10,20,0,0,1,10,1,25,20,2.22,2.8,0.4,9
Wesley Kennedy III,61277,HB,W GEORGIA,1,9,2,1,47.2,17,0,36,0,0,2,31,57.4,1,2,1177,0,3,72.8,70.5,75.1,,81.4,84.0,63.7,59.4,17,0,25,3,11,14,0,0,3,12,0,36,31,3.44,4.0,2.27,6
Kendall Milton,124031,HB,GEORGIA,1,9,3,1,34.1,15,0,44,0,0,3,32,118.5,2,3,173,0,3,72.5,74.6,73.4,,71.5,55.7,74.8,59.2,15,0,0,0,7,11,0,0,0,9,1,44,32,3.56,4.9,0.0,6
Sedrick Alexander,172605,HB,VANDERBILT,1,9,1,1,40.0,16,0,40,0,0,1,25,25.3,1,2,333,0,4,72.7,68.0,75.2,,43.0,57.9,70.4,60.0,16,0,6,2,19,10,0,0,2,11,0,40,25,2.78,4.4,0.32,5
Preston Stone,124716,QB,SMU,1,9,2,1,25.3,20,0,32,0,0,1,13,52.0,2,1,287,1,3,34.6,86.1,76.8,84.8,,,67.7,60.0,34,0,0,0,0,34,47,4,0,5,1,79,58,6.44,8.8,,1
Perris Jones,77721,HB,VIRGINIA,1,9,0,0,0.0,0,0,26,0,0,0,21,0.0,0,1,335,0,2,72.7,58.7,75.4,,78.0,52.9,56.2,72.3,6,0,0,0,14,11,0,0,0,9,0,26,21,2.33,2.9,0.0,7
Anthony Grant,77701,HB,NEBRASKA,1,9,0,1,45.7,16,0,35,1,0,0,26,0.0,2,2,238,0,9,72.5,50.5,74.2,,70.3,29.2,57.4,53.7,16,0,0,0,6,14,0,0,1,9,0,35,26,2.89,3.9,0.0,0
Grant Wilson,143041,QB,DOMINION,1,9,2,0,0.0,0,0,27,0,0,1,9,25.0,3,5,263,1,1,71.3,78.8,76.7,71.9,,,74.2,60.0,17,0,1,0,0,30,39,3,0,6,0,66,27,3.0,7.3,,5
DJ Giddens,144595,HB,KANSAS ST,1,9,1,0,0.0,0,0,22,0,0,1,15,13.9,0,1,199,0,4,72.8,60.8,77.3,,78.6,61.3,61.8,40.7,8,0,23,3,26,14,0,0,3,12,0,22,15,1.67,2.4,0.88,5
TJ Harden,162457,HB,UCLA,1,9,1,0,0.0,0,0,30,0,0,1,20,18.5,0,2,324,0,0,72.8,65.6,74.8,,58.4,71.7,64.1,58.3,7,0,24,3,17,12,0,0,3,12,0,30,20,2.22,3.3,1.41,9
Blake Shapen,122282,QB,BAYLOR,1,8,1,0,0.0,0,0,-1,0,0,0,1,0.0,2,3,118,0,1,70.2,75.1,26.6,72.4,,,70.4,60.0,27,1,0,0,0,29,63,6,0,2,0,62,4,0.5,7.8,,0
Donovan Edwards,144917,HB,MICHIGAN,1,8,0,0,0.0,0,0,21,0,0,0,13,0.0,0,1,222,0,4,72.2,70.6,74.9,,82.7,78.7,62.7,60.0,7,0,41,3,18,10,0,0,4,11,1,21,13,1.63,2.6,2.28,4
Jordan James,163295,HB,OREGON,1,8,5,2,65.3,32,0,49,1,0,5,38,237.5,2,2,264,0,6,72.1,66.6,74.3,,70.3,50.4,71.6,60.0,16,0,30,2,13,10,0,0,3,10,1,49,38,4.75,6.1,2.31,2
Gio Lopez,172309,QB,S ALABAMA,1,8,0,0,0.0,0,0,22,0,0,0,3,0.0,2,3,288,0,1,70.4,69.7,76.1,67.2,,,65.0,60.0,14,0,0,0,0,22,20,4,0,4,0,42,14,1.75,5.3,,2
Heinrich Haarberg,144993,QB,NEBRASKA,1,8,2,0,0.0,0,0,11,0,0,0,4,0.0,2,4,238,2,4,37.6,41.8,77.0,29.8,,,75.6,60.0,43,0,0,0,0,33,59,2,0,6,1,70,38,4.75,8.8,,0
Hunter Smith,155556,HB,LA MONROE,1,8,1,0,0.0,0,0,35,0,0,1,25,34.7,1,1,209,0,1,72.0,61.9,72.9,,72.5,59.1,61.9,,10,0,3,1,11,8,0,0,1,9,0,35,25,3.13,4.4,0.27,7
Tawee Walker,158097,HB,OKLAHOMA,1,8,3,1,39.0,23,0,59,0,0,3,22,103.1,2,4,261,0,5,71.9,72.1,69.8,,0.0,57.7,73.5,,23,0,0,0,2,8,0,0,0,8,1,59,22,2.75,7.4,0.0,3
Andrew Henry,154703,HB,NEW MEXICO,1,8,2,0,0.0,0,0,30,0,0,2,21,65.6,1,2,241,0,1,71.9,66.5,70.9,,13.4,60.0,66.4,60.0,10,0,0,0,1,9,0,0,0,8,1,30,21,2.63,3.8,0.0,6
Emmanuel Michel,145972,FB,AIR FORCE,1,8,1,0,0.0,0,0,32,0,0,1,23,35.9,2,1,101,1,5,20.6,56.6,78.8,,82.6,57.7,52.8,56.5,13,0,0,0,3,24,0,0,0,8,0,32,23,2.88,4.0,0.0,0
Lawrance Toafili,122421,HB,FLORIDA ST,1,8,0,0,0.0,0,0,20,0,0,0,22,0.0,0,0,167,1,4,20.6,52.8,75.6,,61.7,52.8,54.9,60.0,6,0,0,0,11,12,0,0,0,8,0,20,22,2.75,2.5,0.0,4
Brady Cook,124199,QB,MISSOURI,1,8,0,2,63.5,33,0,30,0,0,0,0,0.0,3,4,229,0,1,70.6,59.7,76.8,57.1,,,62.9,60.0,19,0,0,0,0,28,22,4,0,4,0,52,7,0.88,6.5,,0
Ryan Montgomery,101063,HB,CINCINNATI,1,8,3,4,83.2,94,0,113,0,0,3,51,212.5,5,6,138,0,1,73.9,80.2,74.5,,77.1,62.7,81.5,60.0,29,0,10,1,12,9,0,0,1,9,1,113,51,6.38,14.1,0.83,7
Dequan Finn,97804,QB,TOLEDO,1,8,1,0,0.0,0,0,11,0,0,0,6,0.0,0,1,316,0,1,70.8,60.8,76.0,67.8,,,50.3,60.0,9,0,0,0,0,34,3,2,0,6,0,14,11,1.38,1.8,,2
Brennan Armstrong,77696,QB,NC STATE,1,8,3,1,29.4,15,0,51,0,0,3,26,121.9,1,2,248,0,6,71.9,79.5,71.0,,,59.4,73.4,60.0,15,0,0,0,1,9,0,0,0,8,0,51,26,3.25,6.4,0.0,2
Cole Snyder,97617,QB,BUFFALO,1,8,1,0,0.0,0,0,24,0,0,1,8,32.0,0,3,126,0,3,71.4,29.9,77.7,28.3,,,62.0,60.0,8,0,0,0,0,39,17,3,0,5,0,41,19,2.38,5.1,,1
Gavin Garcia,156916,HB,KENT STATE,1,8,2,1,60.6,20,0,33,0,0,2,36,112.5,1,2,201,0,1,71.9,66.9,72.4,,78.0,57.8,65.4,,20,0,0,0,3,8,0,0,0,8,0,33,36,4.5,4.1,0.0,7
Brandon Thomas,121788,HB,MEMPHIS,1,8,2,0,0.0,0,0,30,0,0,2,25,78.1,0,2,218,0,0,71.9,68.0,71.8,,,57.6,67.2,60.0,8,0,0,0,3,9,0,0,0,8,1,30,25,3.13,3.8,0.0,8
Jalen Mitchell,97173,HB,UCONN,1,8,2,0,0.0,0,0,28,0,1,2,16,66.7,1,2,146,0,4,72.8,70.4,73.5,,84.4,69.6,67.9,,11,0,9,1,7,9,0,0,1,9,0,28,16,2.0,3.5,1.29,4
Carson Steele,145632,HB,UCLA,1,8,0,1,47.4,18,0,38,0,0,0,15,0.0,1,2,324,0,1,72.1,70.0,74.3,,18.5,70.0,71.6,59.4,18,0,25,2,15,12,0,0,2,10,0,38,15,1.88,4.8,1.67,7
Katin Houser,158386,QB,MICH STATE,1,8,1,0,0.0,0,0,22,0,0,1,11,22.4,0,1,223,0,2,71.3,67.0,13.7,67.5,62.2,60.0,63.9,60.0,6,1,0,0,1,23,6,1,0,7,0,28,13,1.63,3.5,0.0,2
Seth Henigan,144267,QB,MEMPHIS,1,8,0,1,43.9,18,0,17,0,0,0,3,0.0,2,4,218,0,0,71.0,74.8,76.4,72.6,,,66.5,60.0,18,0,0,0,0,15,24,4,0,4,1,41,31,3.88,5.1,,1
Edward Saydee,97300,HB,TEMPLE,1,8,5,0,0.0,0,0,38,0,0,5,35,243.1,1,2,306,0,0,72.5,77.1,74.9,,39.8,67.5,77.8,60.0,10,0,6,1,9,13,0,0,1,9,0,38,35,4.38,4.8,0.67,8
Nicholas Singleton,164188,HB,PENN STATE,1,8,0,0,0.0,0,0,20,0,0,0,15,0.0,0,0,266,0,3,72.4,56.3,75.6,,78.4,52.7,56.5,58.8,6,0,0,0,12,16,0,0,0,8,0,20,15,1.88,2.5,0.0,5
Alex Tecza,162587,FB,NAVY,1,8,0,0,0.0,0,0,20,0,0,0,13,0.0,0,0,237,0,4,72.0,55.0,76.8,,77.0,59.9,50.1,64.4,5,0,4,1,11,24,0,0,1,9,0,20,13,1.63,2.5,0.36,0
Keegan Shoemaker,108983,QB,SM HOUSTON,1,8,0,0,0.0,0,0,10,0,0,0,4,0.0,0,1,281,3,4,24.9,66.0,77.8,72.9,,,47.0,60.0,5,0,0,0,0,37,12,3,0,5,0,22,17,2.13,2.8,,1
Logan Diggs,147475,HB,LSU,1,8,0,0,0.0,0,0,24,1,0,0,17,0.0,0,2,211,0,3,71.9,53.2,76.5,,20.9,37.5,62.7,60.0,5,0,0,0,15,9,0,0,1,8,0,24,17,2.13,3.0,0.0,5
Jaziun Patterson,156421,HB,IOWA,1,8,1,0,0.0,0,0,21,0,0,1,20,31.3,0,1,192,0,2,72.5,60.7,74.4,,77.3,60.0,59.6,60.0,5,0,0,0,1,11,0,0,0,8,0,21,20,2.5,2.6,0.0,6
Maddux Madsen,163379,QB,BOISE ST,1,8,3,0,0.0,0,0,4,0,0,0,3,0.0,3,3,120,0,0,70.1,48.2,76.5,44.5,,,64.1,60.0,27,0,0,0,0,11,65,7,0,1,1,69,48,6.0,8.6,,0
Joey Aguilar,174978,QB,APP STATE,1,8,3,0,0.0,0,0,-2,0,0,0,0,0.0,3,3,108,0,0,34.1,82.6,77.0,90.5,,,49.6,60.0,15,0,0,0,0,34,57,7,0,1,0,55,37,4.63,6.9,,0
Jaylen Wright,146934,HB,TENNESSEE,1,8,3,1,72.6,82,0,113,0,0,3,102,425.0,1,3,307,0,3,72.0,90.2,71.2,,70.0,75.6,84.1,60.0,82,0,7,1,4,9,0,0,1,9,1,113,102,12.75,14.1,1.75,5
Zach Evans,157490,HB,MINNESOTA,1,8,1,0,0.0,0,0,16,0,0,1,17,26.6,1,1,225,0,4,71.9,58.1,71.8,,31.6,58.6,60.3,60.0,12,0,0,0,2,9,0,0,0,8,0,16,17,2.13,2.0,0.0,4
Beau Pribula,164182,QB,PENN STATE,1,8,5,0,0.0,0,0,21,0,0,2,18,73.5,0,2,266,0,3,71.1,59.5,71.6,42.1,,57.2,68.0,60.0,6,0,0,0,1,9,4,1,0,7,1,25,27,3.38,3.1,0.0,1
Sherod White,157223,HB,NEW MEXICO,1,7,0,0,0.0,0,0,23,0,0,0,13,0.0,0,1,241,0,0,71.4,59.2,74.0,,75.6,61.1,56.6,,6,0,3,1,7,7,0,0,1,8,0,23,13,1.86,3.3,0.43,6
Hank Bachmeier,101284,QB,LA TECH,1,7,1,1,37.8,17,0,34,0,0,1,13,144.4,2,3,208,1,1,70.4,60.6,76.8,58.0,,57.0,64.2,60.0,17,0,0,0,0,24,11,4,0,3,0,45,21,3.0,6.4,,1
Dean Connors,156624,HB,RICE,1,7,3,1,74.0,57,0,77,0,5,3,75,612.2,1,3,275,0,2,72.1,76.2,76.0,,51.9,79.8,76.8,,57,0,33,7,27,7,0,0,8,14,1,77,75,10.71,11.0,1.22,5
Logan Smothers,129713,QB,JVILLE ST,1,7,0,0,0.0,0,0,19,0,0,0,10,0.0,1,2,196,1,1,70.4,35.1,72.0,27.9,,,58.3,60.0,10,0,0,0,0,13,0,0,0,7,0,19,10,1.43,2.7,,5
Kaidon Salter,132046,QB,LIBERTY,1,7,1,0,0.0,0,0,10,0,0,1,7,43.8,1,1,206,2,1,27.4,72.6,77.2,78.7,,,51.1,60.0,24,0,0,0,0,43,37,3,0,4,0,47,12,1.71,6.7,,1
Kelley Joiner Jr.,101124,HB,USF,1,7,2,0,0.0,0,0,21,0,0,2,15,53.6,0,1,327,0,4,71.4,62.4,73.3,,77.8,70.6,59.5,57.9,9,0,21,1,3,11,0,0,1,8,1,21,15,2.14,3.0,7.0,3
Jake Retzlaff,70874,QB,BYU,1,7,0,0,0.0,0,0,12,0,0,0,1,0.0,2,3,128,0,0,70.5,64.6,22.9,62.3,,,68.2,60.0,10,1,0,0,0,13,36,5,0,2,0,48,6,0.86,6.9,,1
Keith Willis Jr.,170476,HB,LA TECH,1,7,0,0,0.0,0,0,22,0,0,0,9,0.0,0,3,208,0,5,71.9,71.4,71.2,,67.8,60.0,69.5,60.0,8,0,0,0,1,9,0,0,0,7,2,22,9,1.29,3.1,0.0,2
Juma Otoviano,75903,HB,RICE,1,7,1,0,0.0,0,0,16,0,0,1,18,36.7,0,1,275,0,2,71.3,57.4,73.0,,73.1,56.4,57.8,60.0,7,0,0,0,7,9,0,0,0,7,0,16,18,2.57,2.3,0.0,5
Vann Schield,157212,HB,COLO STATE,1,7,1,0,0.0,0,0,32,0,0,1,18,32.1,0,2,144,0,3,71.4,66.9,72.9,,27.5,59.3,70.1,,7,0,2,1,7,7,0,0,1,8,0,32,18,2.57,4.6,0.29,4
Caleb Williams,144622,QB,USC,1,7,4,0,0.0,0,0,29,0,0,1,16,100.0,3,4,326,2,1,38.9,74.2,76.7,66.2,,,77.4,60.0,14,0,0,0,0,21,17,3,0,4,1,46,41,5.86,6.6,,3
Kyron Drones,144506,QB,VA TECH,1,7,3,0,0.0,0,0,24,0,0,1,11,122.2,2,3,337,0,2,69.8,56.4,15.0,54.7,,,63.4,60.0,13,1,0,0,0,18,22,4,0,3,0,46,28,4.0,6.6,,1
Roydell Williams,123939,HB,ALABAMA,1,7,3,2,54.2,32,0,59,0,0,3,48,257.1,2,3,103,0,3,71.4,78.9,73.3,,71.7,60.4,78.6,58.8,16,0,-5,1,4,14,0,0,1,8,1,59,48,6.86,8.4,-1.25,4
Max Johnson,124099,QB,TEXAS A&M,1,7,0,0,0.0,0,0,9,0,0,0,8,0.0,0,3,312,1,1,72.0,69.7,77.6,65.4,,,69.6,60.0,6,0,0,0,0,35,0,0,0,7,1,9,8,1.14,1.3,,1
Jaylin Lucas,156396,HB,INDIANA,1,7,1,0,0.0,0,0,15,0,1,1,8,22.9,0,0,190,0,1,72.4,68.0,77.7,,,64.6,66.0,58.8,9,0,13,3,8,23,0,0,4,10,0,15,8,1.14,2.1,1.63,6
Maurice Turner,156329,HB,LOUISVILLE,1,7,1,0,0.0,0,0,13,0,0,1,17,30.4,0,0,210,0,0,72.8,61.6,73.3,,,62.3,61.1,,9,0,8,1,5,9,0,0,1,8,0,13,17,2.43,1.9,1.6,7
Chandler Rogers,98683,QB,N TEXAS,1,7,3,0,0.0,0,0,23,0,0,1,8,32.0,2,2,251,1,2,43.0,69.7,77.6,63.1,,,73.6,60.0,11,0,0,0,0,36,21,2,0,5,0,44,29,4.14,6.3,,3
Brandon Chatman,162541,HB,NAVY,1,7,1,0,0.0,0,0,22,0,0,1,10,15.9,1,1,237,0,3,71.5,65.9,75.8,,,70.4,61.7,54.8,10,0,35,2,14,22,0,0,3,9,0,22,10,1.43,3.1,2.5,2
Cartevious Norton,157582,HB,IOWA STATE,1,7,2,1,65.2,15,0,23,0,0,2,19,60.3,1,2,193,0,2,72.1,63.9,74.1,,73.2,64.4,60.4,60.0,15,0,13,2,12,9,0,0,2,9,0,23,19,2.71,3.3,1.08,5
Grayson Loftis,170054,QB,DUKE,1,7,0,0,0.0,0,0,-2,0,0,0,0,0.0,0,2,154,1,0,27.9,65.8,76.5,66.8,,,58.5,60.0,8,0,0,0,0,35,31,5,0,2,0,29,13,1.86,4.1,,1
Cam Fancher,145266,QB,MARSHALL,1,7,6,0,0.0,0,0,1,0,0,0,0,0.0,2,1,214,0,2,70.1,63.8,76.2,57.1,,,71.3,60.0,43,0,0,0,0,19,59,4,0,3,0,60,53,7.57,8.6,,1
Jacob Zeno,98014,QB,UAB,1,7,2,0,0.0,0,0,3,0,0,1,5,55.6,1,2,321,1,2,70.5,85.1,77.3,88.1,,60.0,59.9,60.2,11,0,0,0,1,29,24,4,0,3,0,27,13,1.86,3.9,0.0,1
Justice Ellison,123383,HB,WAKE,1,7,2,0,0.0,0,0,22,0,0,2,22,89.8,1,2,339,0,3,71.3,64.5,73.3,,78.9,56.5,63.8,59.8,10,0,0,0,6,9,0,0,0,7,0,22,22,3.14,3.1,0.0,4
Jeffery Pittman,172552,HB,MISS STATE,1,7,1,0,0.0,0,0,18,0,1,1,6,17.1,0,1,227,0,4,72.2,60.5,76.1,,53.0,64.6,59.4,59.0,6,0,15,3,25,14,0,0,3,10,0,18,6,0.86,2.6,0.6,3
John Lee Eldridge III,131515,HB,AIR FORCE,1,6,2,0,0.0,0,0,40,0,0,2,13,61.9,2,3,101,0,1,71.4,60.7,76.7,,69.2,52.5,68.1,54.1,12,0,3,1,18,24,0,0,1,7,0,40,13,2.17,6.7,0.17,0
Myles Montgomery,144232,HB,CINCINNATI,1,6,0,0,0.0,0,0,16,0,0,0,12,0.0,0,0,138,0,2,70.5,69.7,71.7,,67.7,60.0,68.4,60.0,7,0,0,0,1,7,0,0,0,6,0,16,12,2.0,2.7,0.0,4
Will Howard,122599,QB,KANSAS ST,1,6,0,0,0.0,0,0,6,0,0,0,4,0.0,0,0,199,1,4,40.7,81.0,76.9,86.4,,,50.4,60.0,6,0,0,0,0,19,12,2,0,4,0,18,10,1.67,3.0,,0
Cedric Hawkins,172192,HB,ARK STATE,1,6,0,1,47.1,16,0,34,0,1,0,16,38.1,1,2,113,0,2,71.4,72.1,71.6,,,79.0,65.2,60.0,16,0,11,1,3,9,0,0,1,7,0,34,16,2.67,5.7,3.67,4
Mike Washington Jr.,145672,HB,BUFFALO,1,6,0,0,0.0,0,0,8,0,0,0,5,0.0,0,0,126,0,3,70.5,60.9,72.3,,76.1,57.1,58.3,66.0,5,0,0,0,5,8,0,0,0,6,0,8,5,0.83,1.3,0.0,3
KC Concepcion,170362,WR,NC STATE,1,6,1,0,0.0,0,0,22,0,0,1,9,13.6,0,1,248,0,1,71.3,69.1,76.8,,,70.9,59.3,58.9,9,0,61,5,22,11,0,0,8,11,0,22,9,1.5,3.7,2.77,5
Zeon Chriss-Gremillion,156733,QB,LA LAFAYET,1,6,1,0,0.0,0,0,7,0,0,0,3,0.0,0,3,207,0,0,69.8,68.3,75.2,67.6,,,62.0,60.0,5,0,0,0,0,20,9,2,0,4,1,16,11,1.83,2.7,,3
Justin Johnson Jr.,144782,HB,W VIRGINIA,1,6,0,0,0.0,0,0,5,0,0,0,10,0.0,0,0,343,0,3,71.5,52.0,72.2,,,62.2,51.7,55.5,4,0,4,2,4,15,0,0,2,8,0,5,10,1.67,0.8,1.0,3
Rueben Owens II,172590,HB,TEXAS A&M,1,6,1,0,0.0,0,0,15,0,0,1,11,26.2,0,0,312,0,2,70.7,63.4,72.2,,71.8,60.0,63.0,,7,0,0,1,3,6,0,0,1,7,0,15,11,1.83,2.5,0.0,4
Behren Morton,144747,QB,TEXAS TECH,1,6,1,0,0.0,0,0,5,0,0,1,11,44.0,0,1,315,0,1,71.5,78.6,77.7,81.3,,,56.3,60.0,9,0,0,0,0,41,2,1,0,5,1,7,11,1.83,1.2,,1
Kanye Roberts,157543,HB,APP STATE,1,6,2,0,0.0,0,0,23,0,0,2,17,94.4,1,0,108,0,1,70.5,60.8,73.2,,79.5,55.6,60.0,60.0,13,0,0,0,5,7,0,0,0,6,0,23,17,2.83,3.8,0.0,5
Samuel Brown V,162899,HB,RUTGERS,1,6,0,0,0.0,0,0,24,0,0,0,14,0.0,1,1,278,0,5,70.5,58.7,70.7,,73.0,58.6,58.7,60.0,10,0,0,0,2,7,0,0,0,6,0,24,14,2.33,4.0,0.0,1
Rodney Hill,156290,HB,FLORIDA ST,1,6,1,0,0.0,0,0,5,0,1,1,12,50.0,0,0,167,0,3,70.9,63.9,70.8,,67.7,89.1,58.4,,9,0,47,2,3,6,0,0,2,8,0,5,12,2.0,0.8,15.67,3
Darvon Hubbard,124320,HB,TEMPLE,1,6,1,0,0.0,0,0,11,0,0,1,12,28.6,0,1,306,1,3,19.7,49.7,73.3,60.0,0.0,62.7,60.5,60.0,8,0,12,1,8,7,0,0,1,7,0,11,12,2.0,1.8,1.5,3
Haynes King,124329,QB,GA TECH,1,6,4,2,75.0,63,0,84,0,0,4,68,755.6,3,4,176,0,6,71.6,88.5,77.0,77.2,,,84.2,60.0,34,2,0,0,0,39,0,0,0,6,2,84,68,11.33,14.0,,0
Davion Ervin-Poindexter,101653,HB,W KENTUCKY,1,6,1,0,0.0,0,0,27,0,0,1,15,41.7,1,0,346,0,4,70.5,68.1,72.5,,,58.0,66.8,60.0,10,0,0,0,3,10,0,0,1,6,0,27,15,2.5,4.5,0.0,2
Ken Seals,124359,QB,VANDERBILT,1,6,0,0,0.0,0,0,0,0,0,0,2,0.0,1,1,333,1,0,31.8,59.1,76.4,56.5,,,63.0,60.0,34,0,0,0,0,19,57,5,0,1,0,57,7,1.17,9.5,,1
Bo Nix,97790,QB,OREGON,1,6,0,0,0.0,0,0,3,0,0,0,6,0.0,0,3,264,1,2,70.8,91.7,77.0,91.4,,,67.9,60.0,2,0,0,0,0,30,2,1,0,5,2,5,8,1.33,0.8,,1
Emory Jones,82111,QB,CINCINNATI,1,6,0,0,0.0,0,0,-3,0,0,0,2,0.0,1,2,138,0,1,69.8,72.7,76.5,71.6,,,60.6,60.0,19,0,0,0,0,30,27,3,0,3,0,24,11,1.83,4.0,,0
Parker Jenkins,173047,HB,HOUSTON,1,6,1,1,65.5,19,0,29,0,1,1,17,81.0,1,1,182,0,1,70.7,55.3,74.6,,70.8,55.6,56.5,59.9,19,0,1,1,12,8,0,0,1,7,0,29,17,2.83,4.8,0.08,5
Elijah Gilliam,73621,HB,FRESNO ST,1,6,4,0,0.0,0,0,19,0,0,4,21,233.3,0,1,169,0,3,70.5,61.2,70.6,,71.1,57.2,61.1,,8,0,0,0,3,6,0,0,1,6,1,19,21,3.5,3.2,0.0,3
Jaiden Credle,158060,HB,MIDDLE TN,1,6,1,0,0.0,0,0,16,0,1,1,11,36.7,0,0,224,0,3,71.1,57.7,73.1,,74.2,64.1,54.7,60.0,5,0,10,4,12,7,0,0,4,10,0,16,11,1.83,2.7,0.83,3
Cardell Williams,156190,QB,TULSA,1,6,1,1,40.7,24,0,33,0,0,0,3,0.0,2,3,320,0,2,68.2,79.1,74.5,74.0,,,69.7,60.0,24,0,0,0,0,18,26,4,0,2,2,59,14,2.33,9.8,,0
Joquez Smith,173281,HB,TEMPLE,1,6,0,0,0.0,0,0,15,0,0,0,12,0.0,0,0,306,0,2,70.7,59.2,72.5,,73.0,60.1,58.4,,6,0,3,1,8,6,0,0,2,7,0,15,12,2.0,2.5,0.38,4
Collin Schlee,98025,QB,UCLA,1,6,2,0,0.0,0,0,13,0,0,1,11,122.2,2,2,324,1,1,20.1,43.9,72.0,29.7,,,63.5,60.0,20,0,0,0,0,10,33,3,0,3,0,46,26,4.33,7.7,,2
Ta'ron Keith,130368,HB,BOWL GREEN,1,6,5,0,0.0,0,0,25,0,0,5,30,277.8,1,1,122,0,3,71.6,67.7,75.6,,19.8,83.0,68.1,58.8,12,0,35,3,10,10,0,0,3,9,0,25,30,5.0,4.2,3.5,3
Monte Watkins,144703,HB,NEW MEX ST,1,6,4,1,47.3,35,0,74,0,0,4,39,371.4,3,3,242,0,5,70.7,75.0,73.8,,14.3,55.9,80.5,79.4,35,0,2,1,11,14,0,0,1,7,0,74,39,6.5,12.3,0.18,1
Reese White,97197,HB,COAST CAR,1,6,0,0,0.0,0,0,26,0,0,0,17,0.0,0,0,141,0,2,70.5,59.5,73.7,,26.4,53.4,66.9,47.0,8,0,0,0,12,16,0,0,0,6,0,26,17,2.83,4.3,0.0,4
Bryson Barnes,131845,QB,UTAH,1,6,1,2,59.6,34,0,57,0,0,1,31,86.1,3,3,328,0,1,71.1,66.8,76.8,56.0,,,78.3,60.1,17,0,0,0,0,35,0,0,0,6,0,57,31,5.17,9.5,,4
Ulysses Bentley IV,97200,HB,OLE MISS,1,6,2,0,0.0,0,0,19,0,0,2,15,71.4,1,2,226,0,3,72.2,71.9,71.6,,0.0,58.5,75.0,,13,0,4,1,6,7,0,0,1,7,0,19,15,2.5,3.2,0.67,3
Cameron Seldon,174740,HB,TENNESSEE,1,6,0,0,0.0,0,0,35,0,0,0,17,0.0,1,2,307,0,1,70.9,70.9,72.6,,77.1,57.0,74.3,47.1,11,0,0,0,3,6,0,0,0,6,0,35,17,2.83,5.8,0.0,5
Victor Rosa,158629,HB,UCONN,1,6,0,0,0.0,0,0,-4,0,0,0,7,0.0,0,1,146,0,2,71.5,55.1,72.7,,13.7,66.4,56.3,60.0,2,0,9,2,6,8,0,0,2,8,0,-4,7,1.17,-0.7,1.5,4
Jacob Kibodi,57427,HB,LA LAFAYET,1,6,3,0,0.0,0,0,26,0,0,3,16,133.3,1,1,207,0,3,70.5,64.2,75.9,,55.8,51.7,71.6,59.5,10,0,0,0,22,8,0,0,2,6,0,26,16,2.67,4.3,0.0,3
Sammy Malignaggi,138458,HB,JAMES MAD,1,6,2,1,41.7,15,0,36,0,0,2,20,111.1,1,2,197,0,2,70.5,76.4,70.0,,,60.0,73.5,60.0,15,0,0,0,1,7,0,0,0,6,0,36,20,3.33,6.0,0.0,4
Juju McDowell,146909,HB,S CAROLINA,1,6,1,0,0.0,0,0,23,0,3,1,24,177.8,0,1,289,0,1,71.0,78.0,72.4,,70.0,90.2,63.8,60.0,7,0,41,3,8,8,0,0,3,9,0,23,24,4.0,3.8,5.13,5
D.J. Williams,99154,HB,ARIZONA,1,6,1,0,0.0,0,0,17,0,0,1,22,61.1,0,0,109,0,1,71.3,71.0,72.7,,70.3,56.9,70.2,60.0,6,0,0,0,4,9,0,0,0,6,0,17,22,3.67,2.8,0.0,5
Spencer Rattler,97408,QB,S CAROLINA,1,6,0,0,0.0,0,0,-1,0,0,0,2,0.0,0,2,289,0,0,71.3,72.2,77.5,70.4,,,64.6,60.2,6,0,0,0,0,32,6,1,0,5,1,5,14,2.33,0.8,,1
Kobe Pace,122155,HB,VIRGINIA,1,6,2,0,0.0,0,0,26,0,1,2,20,111.1,0,2,335,0,1,71.0,67.8,75.8,,78.5,69.1,66.2,60.0,9,0,16,3,19,7,0,0,4,9,0,26,20,3.33,4.3,0.84,5
Austin Reed,111760,QB,W KENTUCKY,1,6,0,0,0.0,0,0,3,0,0,0,2,0.0,0,2,346,0,1,70.8,73.1,76.1,68.1,,,69.6,60.0,3,0,0,0,0,32,0,0,0,6,0,3,2,0.33,0.5,,0
Billy Lucas,109083,HB,LIBERTY,1,6,0,0,0.0,0,0,26,0,0,0,13,0.0,0,2,206,0,3,70.5,58.5,74.3,,76.1,55.6,61.0,60.0,9,0,0,0,11,8,0,0,0,6,0,26,13,2.17,4.3,0.0,3
Jordan Travis,77615,QB,FLORIDA ST,1,5,1,0,0.0,0,0,10,0,0,1,7,28.0,0,1,167,0,4,71.1,68.8,77.0,67.1,,,63.6,60.0,5,0,0,0,0,31,0,0,0,5,1,10,7,1.4,2.0,,0
Trexler Ivey,122184,QB,CHARLOTTE,1,5,0,0,0.0,0,0,-1,0,0,0,1,0.0,0,1,136,1,1,37.7,67.9,77.0,74.1,,,43.8,60.0,5,0,0,0,0,28,6,2,0,3,1,5,4,0.8,1.0,,0
Maquel Haywood,144314,HB,APP STATE,1,5,2,2,78.6,33,0,42,0,0,2,16,128.0,2,2,108,0,0,70.5,75.0,71.4,,74.0,60.0,72.1,,18,0,0,0,1,6,0,0,0,5,0,42,16,3.2,8.4,0.0,5
James Jointer Jr.,157021,HB,LIBERTY,1,5,1,0,0.0,0,0,27,0,0,1,19,76.0,1,2,206,0,1,69.7,77.9,68.1,,,,73.9,,13,0,0,0,0,5,0,0,0,5,1,27,19,3.8,5.4,,4
Luke Altmyer,146802,QB,ILLINOIS,1,5,2,0,0.0,0,0,3,0,0,1,4,44.4,0,1,187,2,2,46.1,65.3,76.8,66.9,,,55.4,60.0,5,0,0,0,0,27,8,2,0,3,0,11,9,1.8,2.2,,1
Tony Mathis Jr.,99481,HB,HOUSTON,1,5,0,0,0.0,0,0,22,0,0,0,7,0.0,1,1,182,0,0,70.1,66.0,74.4,,26.4,69.4,66.0,57.7,14,0,28,2,13,15,0,0,2,7,0,22,7,1.4,4.4,2.15,5
Dijon Stanley,176663,HB,UTAH,1,5,0,0,0.0,0,0,13,0,0,0,7,0.0,0,1,328,0,0,69.9,67.7,73.4,,,77.7,64.2,59.8,7,0,14,1,2,9,0,0,1,6,0,13,7,1.4,2.6,7.0,5
Roman Hemby,144891,HB,MARYLAND,1,5,0,0,,0,0,0,0,2,0,6,34.3,0,0,215,0,2,70.1,51.6,75.1,,0.0,64.3,55.4,60.0,1,0,10,2,20,6,0,0,4,7,0,0,6,1.2,0.0,0.5,3
Aaron Bedgood,97079,HB,LIBERTY,1,5,2,0,0.0,0,0,23,0,0,2,23,131.4,0,2,206,0,0,70.7,78.6,76.7,,69.9,79.4,72.9,55.3,7,0,19,2,9,26,0,0,4,7,1,23,23,4.6,4.6,2.11,3
C'Bo Flemister,83730,HB,PITTSBURGH,1,5,5,1,69.6,16,0,23,0,0,5,27,540.0,1,1,268,0,1,70.5,66.3,0.0,,70.8,56.8,73.9,60.0,16,2,0,0,5,7,0,0,0,5,0,23,27,5.4,4.6,0.0,4
Tybo Rogers,171940,HB,WASHINGTON,1,5,1,0,0.0,0,1,22,0,1,1,13,86.7,0,0,340,0,3,69.9,61.9,72.6,,0.0,63.2,64.4,60.0,8,1,14,1,8,6,0,0,1,6,0,22,13,2.6,4.4,1.75,2
Rocco Becht,157567,QB,IOWA STATE,1,5,1,0,0.0,0,0,2,0,0,0,0,0.0,0,1,193,0,1,69.1,72.5,76.7,79.4,,54.3,51.0,60.1,9,0,0,0,1,25,15,4,0,1,1,17,20,4.0,3.4,0.0,0
Athan Kaliakmanis,144971,QB,MINNESOTA,1,5,0,0,0.0,0,0,15,0,0,0,3,0.0,1,2,225,0,1,70.0,76.3,76.2,76.5,,57.2,62.5,60.0,11,0,0,0,0,31,2,1,0,4,0,17,3,0.6,3.4,,1
Deacon Hill,145170,QB,IOWA,1,5,0,0,0.0,0,0,4,0,0,0,3,0.0,0,2,192,1,0,70.2,47.7,76.3,37.4,,,70.2,60.0,2,0,0,0,0,40,0,0,0,5,0,4,3,0.6,0.8,,0
Mike Hollins,98628,HB,VIRGINIA,1,5,1,0,0.0,0,0,25,0,0,1,8,32.0,1,2,335,0,0,69.7,71.6,70.6,,67.9,60.0,69.3,,11,0,0,0,0,5,0,0,0,5,0,25,8,1.6,5.0,,5
Jason Bean,83529,QB,KANSAS,1,5,0,0,0.0,0,0,-12,0,0,0,1,0.0,0,0,198,0,0,70.1,86.7,77.1,90.4,,,54.4,60.6,1,0,0,0,0,34,0,1,0,4,0,-12,1,0.2,-2.4,,1
Anthony Colandrea,170131,QB,VIRGINIA,1,5,0,0,0.0,0,0,10,0,0,0,5,0.0,2,3,335,1,0,37.8,53.3,76.5,53.6,,,56.5,60.0,15,0,0,0,0,17,34,3,0,2,0,44,10,2.0,8.8,,1
Trent Howland,144833,HB,INDIANA,1,5,0,0,0.0,0,0,12,0,0,0,10,0.0,0,0,190,0,3,69.7,54.1,72.2,,78.8,56.2,54.1,,3,0,0,0,4,5,0,0,0,5,0,12,10,2.0,2.4,0.0,2
Drew Allar,164157,QB,PENN STATE,1,5,1,0,0.0,0,0,13,0,0,0,6,0.0,1,3,266,0,0,70.6,89.8,76.6,84.3,,54.3,79.5,60.0,21,0,0,0,1,25,21,1,0,4,0,34,11,2.2,6.8,0.0,0
Andre Hines Jr,123539,HB,BOSTON COL,1,5,2,0,0.0,0,0,32,0,0,2,28,224.0,1,2,121,0,1,69.7,73.7,70.4,,,,69.0,68.0,12,0,0,0,0,12,0,0,0,5,0,32,28,5.6,6.4,,4
Gerald Green,97121,HB,E CAROLINA,1,5,2,0,0.0,0,1,14,0,1,2,13,111.4,0,1,156,0,1,70.1,67.9,71.9,,19.0,62.6,72.4,,6,1,1,2,10,5,0,0,2,7,1,14,13,2.6,2.8,0.1,4
Gunnar Watson,83570,QB,TROY,1,5,0,0,0.0,0,0,16,0,0,0,2,0.0,1,2,318,0,1,70.3,82.5,76.8,83.9,,,60.8,60.0,11,2,0,0,0,36,4,1,0,4,0,20,4,0.8,4.0,,0
Isaiah Woullard,57305,HB,LA MONROE,1,5,0,0,0.0,0,0,13,1,0,0,9,0.0,0,0,209,0,1,69.7,44.9,73.4,,0.0,30.1,57.4,60.0,6,0,0,0,11,6,0,0,1,5,0,13,9,1.8,2.6,0.0,4
Damien Taylor,147252,HB,TROY,1,5,1,0,,0,0,0,0,0,1,7,28.0,0,0,318,0,4,69.7,54.1,72.3,,67.5,57.2,54.7,60.0,3,0,0,0,5,6,0,0,0,5,0,0,7,1.4,0.0,0.0,1
Frank Peasant,121817,HB,MIDDLE TN,1,5,2,1,77.1,37,0,48,0,2,2,18,160.0,1,1,224,0,2,70.5,68.0,76.0,,77.7,70.7,73.4,44.9,37,0,55,4,27,13,0,0,4,9,0,48,18,3.6,9.6,2.04,3
Nasjzae Bryant-Lelei,111818,HB,HAWAII,1,5,0,0,0.0,0,0,14,0,0,0,13,0.0,0,0,180,0,2,69.7,63.5,69.2,,70.0,59.8,62.7,60.0,5,0,0,0,1,6,0,0,0,5,0,14,13,2.6,2.8,0.0,3
Dylan Sampson,163772,HB,TENNESSEE,1,5,0,1,60.7,17,0,28,0,0,0,12,0.0,1,2,307,0,2,70.1,76.9,71.5,,77.8,88.0,71.4,60.0,17,0,23,2,4,6,0,0,2,7,0,28,12,2.4,5.6,5.75,3
McCae Hillstead,174761,QB,UTAH ST,1,5,1,0,0.0,0,0,-2,0,0,1,1,25.0,1,1,329,0,0,68.7,68.0,74.7,71.7,,54.3,57.8,60.0,17,0,0,0,1,16,19,3,1,2,0,17,4,0.8,3.4,0.0,1
Dylan Edwards,171893,HB,COLORADO,1,5,3,0,0.0,0,0,6,1,1,3,8,71.1,0,1,143,0,1,70.8,64.1,75.6,,47.4,61.7,67.3,,2,0,22,4,22,5,0,0,7,9,0,6,8,1.6,1.2,1.0,4
Michel Dukes,99591,HB,USF,1,5,3,1,75.0,30,0,40,0,0,3,24,180.0,1,1,327,0,2,70.3,66.2,71.8,,39.9,63.4,66.9,,30,0,17,3,10,5,0,0,3,8,0,40,24,4.8,8.0,1.7,2
Star Thomas,156926,HB,NEW MEX ST,1,5,1,0,0.0,0,0,28,0,1,1,14,93.3,1,1,242,0,2,69.9,62.7,74.9,,24.3,62.7,65.8,57.6,12,0,13,1,14,9,0,0,2,6,0,28,14,2.8,5.6,0.93,3
Ramon Jefferson,57280,HB,KENTUCKY,1,5,0,0,0.0,0,0,6,0,0,0,4,0.0,0,0,202,0,4,70.5,61.9,72.0,,21.2,58.9,62.9,60.0,6,0,0,0,2,7,0,0,0,5,0,6,4,0.8,1.2,0.0,1
Courtney Reese,101297,HB,UNLV,1,4,1,0,0.0,0,0,15,0,0,1,8,50.0,0,1,325,0,3,68.6,69.2,71.8,,,60.0,70.2,53.9,5,0,0,0,1,12,0,0,0,4,1,15,8,2.0,3.8,0.0,1
Rocky Lombardi,60452,QB,N ILLINOIS,1,4,1,1,106.5,33,0,31,0,0,1,6,37.5,1,2,254,1,1,36.9,57.0,77.2,59.1,,,51.6,60.3,33,0,0,0,0,31,0,0,0,4,0,31,6,1.5,7.8,,2
Sam Hartman,77618,QB,NOTRE DAME,1,4,0,1,46.9,38,0,38,0,0,0,6,0.0,3,3,258,0,0,69.3,30.1,76.5,26.6,,,79.9,60.0,38,0,0,0,0,25,43,3,0,1,1,81,30,7.5,20.3,,0
Davis Brin,77642,QB,GA SOUTHRN,1,4,0,0,0.0,0,0,-1,0,0,0,0,0.0,1,1,174,2,1,68.7,50.8,76.5,51.4,,59.1,55.3,60.0,18,1,0,0,1,21,20,3,0,1,0,19,0,0.0,4.8,0.0,0
Joshua Fleeks,78088,HB,NEBRASKA,1,4,1,0,0.0,0,0,19,0,1,1,10,100.0,0,1,238,0,3,68.9,65.2,73.2,,,56.5,67.6,59.0,8,0,3,1,8,7,0,0,1,5,0,19,10,2.5,4.8,0.38,0
Michael Penix Jr.,82134,QB,WASHINGTON,1,4,0,0,,0,0,0,0,0,0,3,0.0,0,2,340,0,0,70.5,81.2,77.5,76.3,,,71.0,60.2,2,0,0,0,0,43,0,0,0,4,1,0,3,0.75,0.0,,1
Jalen Mayden,83520,QB,S DIEGO ST,1,4,1,0,0.0,0,0,5,0,0,1,7,77.8,0,0,284,1,2,38.4,50.7,77.2,51.0,,,52.4,60.0,6,0,0,0,0,28,0,1,0,3,0,5,8,2.0,1.3,,0
Jack Plummer,83543,QB,LOUISVILLE,1,4,0,0,0.0,0,0,14,0,0,0,9,0.0,1,0,210,0,2,68.1,85.8,75.4,82.0,,,70.1,60.0,11,0,0,0,0,29,11,2,0,2,0,25,13,3.25,6.3,,0
Michael Wiley,98617,HB,ARIZONA,1,4,0,0,0.0,0,0,26,0,0,0,15,0.0,0,1,109,0,2,68.6,71.4,72.0,,,54.9,73.8,,8,0,0,0,8,4,0,0,1,4,0,26,15,3.75,6.5,0.0,2
Josh Williams,99171,HB,LSU,1,4,0,0,0.0,0,0,19,0,1,0,11,55.0,0,2,211,0,2,68.9,74.6,73.6,,74.0,56.5,79.9,60.0,7,0,6,1,10,5,0,0,1,5,1,19,11,2.75,4.8,0.6,2
Charlie Vincent,100584,HB,UTAH,1,4,0,1,66.7,22,0,33,0,0,0,12,0.0,1,1,328,0,0,68.6,76.9,68.3,,72.9,,73.0,60.0,22,0,0,0,0,5,0,0,0,4,1,33,12,3.0,8.3,,4
Hudson Card,123109,QB,PURDUE,1,4,0,1,65.6,21,0,32,0,0,0,8,0.0,1,1,273,0,0,70.3,56.2,76.3,49.5,,,69.4,60.0,21,0,0,0,0,28,0,1,0,3,0,32,8,2.0,8.0,,0
Garrett Greene,123420,QB,W VIRGINIA,1,4,1,0,0.0,0,0,10,0,0,0,0,0.0,1,1,343,0,1,68.9,72.9,77.0,75.9,,,53.4,60.0,10,0,0,0,0,35,13,3,0,1,0,23,11,2.75,5.8,,0
Alex Flinn,123797,QB,E CAROLINA,1,4,2,0,0.0,0,0,7,0,0,0,5,0.0,0,0,156,0,0,68.8,67.5,75.0,69.6,,,57.2,60.0,5,0,0,0,0,20,3,2,0,2,0,10,16,4.0,2.5,,1
Carson Beck,124010,QB,GEORGIA,1,4,0,0,0.0,0,0,3,0,0,0,3,0.0,1,2,173,0,0,69.8,69.8,76.7,66.5,,,67.8,60.0,15,0,0,0,0,27,19,2,0,2,0,22,6,1.5,5.5,,0
Josh Hoover,127148,QB,TCU,1,4,0,0,0.0,0,0,2,0,0,0,0,0.0,0,0,305,0,0,70.5,60.0,77.6,62.8,,,48.3,60.0,7,0,0,0,0,23,13,3,0,1,0,15,11,2.75,3.8,,1
Jamaal Bell,128222,WR,NEVADA,1,4,1,0,0.0,0,0,-3,0,0,1,3,18.8,0,0,239,0,0,68.6,58.0,74.7,,72.8,54.3,59.2,77.4,3,0,0,0,13,11,0,0,3,4,0,-3,3,0.75,-0.8,0.0,4
Kalel Mullings,129590,HB,MICHIGAN,1,4,1,0,0.0,0,0,20,0,0,1,15,93.8,1,2,222,0,4,68.6,62.2,69.3,,,57.4,62.4,,14,0,0,0,4,4,0,0,0,4,0,20,15,3.75,5.0,0.0,0
Will Nixon,129707,HB,WASHINGTON,1,4,1,0,0.0,0,0,24,0,0,1,15,75.0,1,0,340,0,4,68.9,64.3,74.4,,75.9,55.9,66.4,,11,0,6,1,8,4,0,0,1,5,0,24,15,3.75,6.0,0.75,0
Caziah Holmes,129782,HB,FLORIDA ST,1,4,0,1,75.0,21,0,28,0,0,0,28,0.0,1,1,167,0,4,68.6,75.4,71.3,,69.2,59.2,72.9,,21,0,0,0,2,4,0,0,0,4,0,28,28,7.0,7.0,0.0,0
Shedeur Sanders,131396,QB,COLORADO,1,4,2,0,0.0,0,0,-6,0,0,0,0,0.0,0,0,143,2,0,37.3,45.1,76.5,53.8,,,32.9,60.0,5,0,0,0,0,13,8,2,0,2,0,2,13,3.25,0.5,,0
Shaadie Clayton-Johnson,131674,HB,TULANE,1,4,0,0,0.0,0,0,15,0,0,0,7,0.0,1,1,319,0,2,68.9,64.6,71.8,,72.7,78.6,57.2,,11,0,10,1,7,4,0,0,1,5,0,15,7,1.75,3.8,1.43,2
Brendon Lewis,131687,QB,NEVADA,1,4,0,0,0.0,0,0,3,0,0,0,6,0.0,0,0,239,1,3,21.4,30.0,72.4,29.8,,,52.4,60.0,2,0,0,0,0,10,0,1,0,3,0,3,6,1.5,0.8,,0
Sy'veon Wilkerson,138400,HB,COLORADO,1,4,0,0,0.0,0,0,17,0,0,0,8,0.0,0,0,143,0,0,68.6,66.9,70.3,,74.6,59.8,65.4,60.0,8,0,0,0,1,5,0,0,0,4,0,17,8,2.0,4.3,0.0,4
Kaelon Black,138448,HB,JAMES MAD,1,4,2,0,0.0,0,0,7,0,0,2,12,120.0,0,0,197,0,2,68.9,68.9,70.7,,17.6,79.9,68.0,,7,0,30,1,1,4,0,0,1,5,0,7,12,3.0,1.8,30.0,2
Henry Rutledge,145571,HB,CHARLOTTE,1,4,2,2,97.8,90,0,92,0,0,2,43,307.1,2,2,136,0,1,29.7,64.2,75.4,,13.4,62.6,71.5,59.2,55,0,12,3,13,8,0,0,4,7,0,92,43,10.75,23.0,0.92,2
Vaughn Pemberton,145628,HB,BALL ST,1,4,1,1,51.7,15,0,29,0,0,1,23,95.8,1,1,117,0,0,70.1,63.5,73.8,,20.6,59.1,67.2,56.2,15,0,7,2,15,11,0,0,4,6,0,29,23,5.75,7.3,0.47,4
Sam Scott,150701,HB,WYOMING,1,4,1,0,0.0,0,0,18,0,1,1,11,78.6,0,2,351,0,2,69.5,62.6,72.5,,0.0,74.8,62.7,59.8,6,0,21,3,9,6,0,0,3,7,1,18,11,2.75,4.5,2.33,2
E.J. Warner,156185,QB,TEMPLE,1,4,0,0,0.0,0,0,-13,0,0,0,0,0.0,0,0,306,0,0,70.1,81.1,76.7,82.8,,57.2,57.4,60.1,2,0,0,0,1,26,2,1,0,3,0,-11,1,0.25,-2.8,0.0,0
Cade Klubnik,156253,QB,CLEMSON,1,4,1,0,0.0,0,0,-4,0,0,1,3,18.8,0,0,140,2,1,69.2,63.1,77.1,64.1,,,55.1,60.0,2,0,0,0,0,42,0,0,0,4,0,-4,3,0.75,-1.0,,1
Jam Miller,157003,HB,ALABAMA,1,4,0,0,0.0,0,0,17,0,0,0,10,0.0,1,1,103,0,3,68.9,61.0,70.8,,75.2,86.0,55.6,60.0,10,0,35,1,3,7,0,0,1,5,0,17,10,2.5,4.3,11.67,1
Nicco Marchiol,157363,QB,W VIRGINIA,1,4,1,1,62.9,22,0,35,0,0,1,7,43.8,1,3,343,0,2,68.8,78.6,71.4,64.1,,,72.9,60.0,22,0,0,0,0,11,0,0,0,4,0,35,7,1.75,8.8,,0
MJ Morris,157404,QB,NC STATE,1,4,0,0,0.0,0,0,0,0,0,0,1,0.0,0,0,248,1,1,28.5,29.6,2.7,31.0,,,49.3,60.7,7,1,0,0,0,24,7,2,0,2,0,7,5,1.25,1.8,,0
Jayden Maiava,158135,QB,UNLV,1,4,3,0,0.0,0,0,4,0,0,2,2,100.0,0,0,325,0,1,68.6,82.0,8.3,91.2,,,49.4,60.0,6,1,0,0,0,22,6,2,0,2,0,10,4,1.0,2.5,,1
Kevin Jennings,158272,QB,SMU,1,4,0,0,,0,0,-3,0,0,0,1,0.0,0,0,287,0,0,68.1,66.9,71.4,73.9,,,55.3,60.0,3,0,0,0,0,7,3,1,0,3,0,0,2,0.5,0.0,,1
Richard Reese,158568,HB,BAYLOR,1,4,0,0,0.0,0,0,26,0,0,0,8,0.0,0,1,118,0,4,70.9,68.2,71.2,,,58.1,67.3,,9,0,0,0,3,6,0,0,0,4,0,26,8,2.0,6.5,0.0,0
LT Sanders,163055,HB,W KENTUCKY,1,4,0,0,0.0,0,0,10,0,1,0,5,25.0,0,0,346,0,2,68.9,50.8,69.9,,,79.7,51.7,60.0,4,0,19,1,1,5,0,0,1,5,0,10,5,1.25,2.5,19.0,2
Hunter Barnes,163756,HB,TENNESSEE,1,4,0,0,0.0,0,0,17,0,0,0,7,0.0,0,1,307,0,0,68.6,60.2,70.3,,71.1,57.7,60.3,60.0,7,0,0,0,3,5,0,0,0,4,0,17,7,1.75,4.3,0.0,4
Devon Dampier,171556,QB,NEW MEXICO,1,4,2,1,59.4,19,0,32,0,0,2,14,175.0,2,1,241,0,0,68.8,70.5,71.8,55.8,,,70.4,60.0,19,0,0,0,0,14,0,0,0,4,0,32,14,3.5,8.0,,2
Seth Davis,172539,HB,MISS STATE,1,4,0,0,0.0,0,0,24,0,0,0,10,0.0,1,1,227,0,0,68.6,66.1,72.7,,,55.8,68.2,60.0,12,0,0,0,9,5,0,0,1,4,0,24,10,2.5,6.0,0.0,4
AJ Newberry,172623,HB,VANDERBILT,1,4,1,1,111.5,29,0,26,0,0,1,21,131.3,1,1,333,0,0,69.7,66.9,70.5,,,57.7,66.8,60.0,29,0,0,0,4,7,0,0,0,4,0,26,21,5.25,6.5,0.0,4
Jakobi Buchanan,102884,HB,ARMY,1,3,0,0,0.0,0,0,9,0,0,0,10,0.0,0,1,114,0,2,67.3,65.6,74.5,,67.5,58.9,61.6,67.4,4,0,0,0,2,24,0,0,0,3,0,9,10,3.33,3.0,0.0,1
Donavyn Lester,104852,HB,UNLV,1,3,0,0,0.0,0,0,11,0,0,0,3,0.0,0,1,325,0,2,67.3,59.1,74.1,,75.6,54.8,60.4,57.2,5,0,0,0,9,13,0,0,0,3,1,11,3,1.0,3.7,0.0,1
Camden Orth,108965,QB,BOWL GREEN,1,3,1,0,0.0,0,0,8,0,0,1,7,175.0,0,1,122,0,1,66.6,84.4,71.8,74.2,,,70.5,60.0,8,0,0,0,0,11,4,1,0,2,0,12,17,5.67,4.0,,0
Javen Jacobs,157190,HB,ARIZONA ST,1,3,1,0,0.0,0,0,8,0,0,1,9,100.0,0,0,110,0,0,68.1,52.9,66.1,,,,54.6,,5,0,0,0,0,3,0,0,0,3,0,8,9,3.0,2.7,,3
Gavin Williams,129488,HB,N ILLINOIS,1,3,1,0,0.0,0,0,10,0,0,1,5,33.3,0,0,254,0,0,68.2,58.1,73.7,,69.5,67.0,53.1,,6,0,10,2,10,3,0,0,3,5,0,10,5,1.67,3.3,1.0,3
Braedyn Locke,157141,QB,WISCONSIN,1,3,0,0,0.0,0,0,5,0,0,0,2,0.0,0,1,349,0,1,70.7,52.8,26.9,51.3,,,65.8,60.0,7,1,0,0,0,26,0,0,0,3,0,5,2,0.67,1.7,,0
Anderson Castle,122234,HB,APP STATE,1,3,1,0,0.0,0,0,7,0,0,1,7,77.8,0,0,108,0,0,67.3,60.1,71.0,,79.9,59.9,58.0,,4,0,0,0,1,3,0,0,0,3,0,7,7,2.33,2.3,0.0,3
Braydon Bennett,122318,HB,COAST CAR,1,3,0,0,0.0,0,0,9,0,0,0,9,0.0,1,0,141,1,3,12.1,33.8,70.3,,0.0,56.9,43.9,54.3,10,0,0,0,3,5,0,0,0,3,0,9,9,3.0,3.0,0.0,0
Johnny Richardson,123760,HB,UCF,1,3,0,0,0.0,0,0,3,0,0,0,5,0.0,0,0,323,0,2,69.8,63.1,72.5,,75.6,69.4,53.9,59.3,2,0,9,3,5,7,0,0,3,6,0,3,5,1.67,1.0,1.8,1
Jordan Ford,144445,HB,TULSA,1,3,0,0,0.0,0,0,10,0,0,0,6,0.0,0,0,320,0,2,68.1,50.5,69.8,,0.0,56.6,56.1,,5,0,0,0,3,3,0,0,0,3,0,10,6,2.0,3.3,0.0,1
Henry Parrish Jr.,124144,HB,MIAMI FL,1,3,0,0,0.0,0,0,15,0,0,0,15,0.0,1,1,220,0,3,67.3,62.2,68.3,,,57.2,62.4,,11,0,0,0,3,3,0,0,0,3,0,15,15,5.0,5.0,0.0,0
Domonique Thomas,156226,HB,CLEMSON,1,3,2,0,0.0,0,0,16,0,0,2,14,233.3,1,2,140,0,0,67.8,69.6,73.0,,69.9,73.1,66.4,60.0,10,0,4,1,4,6,0,0,1,4,0,16,14,4.67,5.3,1.0,3
Chase Jenkins,173242,QB,RICE,1,3,0,0,0.0,0,0,14,0,0,0,3,0.0,1,0,275,0,0,67.8,55.5,73.6,56.2,,,57.2,60.0,14,0,0,0,0,8,7,2,0,1,0,21,9,3.0,7.0,,1
Rodney Gallagher III,173178,WR,W VIRGINIA,1,3,1,0,0.0,0,0,21,0,0,1,8,66.7,1,1,343,0,0,68.2,67.0,75.2,,,68.1,67.7,38.5,11,1,14,1,17,24,0,0,1,4,0,21,8,2.67,7.0,0.82,0
Braylon Braxton,144442,QB,TULSA,1,3,0,0,0.0,0,0,5,0,0,0,4,0.0,0,0,320,0,0,67.0,41.6,72.8,35.7,,,58.7,60.0,7,0,0,0,0,17,4,1,0,2,0,9,5,1.67,3.0,,2
Dalen Morris,60474,QB,HAWAII,1,3,0,0,0.0,0,0,1,0,0,0,1,0.0,0,1,180,0,2,67.3,61.8,66.6,,,,61.0,,1,0,0,0,0,3,0,0,0,3,1,1,1,0.33,0.3,,1
Dakereon Joyner,83554,HB,S CAROLINA,1,3,0,0,0.0,0,0,3,0,0,0,6,0.0,0,0,289,0,0,67.3,53.0,74.1,,90.0,54.3,54.7,58.2,3,0,0,0,9,7,0,0,0,3,0,3,6,2.0,1.0,0.0,3
Roderick Daniels Jr.,144356,WR,SMU,1,3,1,0,0.0,0,0,8,0,0,1,7,46.7,0,1,287,0,0,72.8,70.4,0.0,,70.0,72.4,65.1,59.8,8,1,42,2,15,17,0,0,2,5,0,8,7,2.33,2.7,2.8,3
Dylan Hopkins,83571,QB,NEW MEXICO,1,3,0,0,0.0,0,0,0,0,0,0,,100.0,1,1,241,0,0,68.0,92.0,76.2,92.8,,,58.2,60.0,11,0,0,0,0,27,13,3,0,0,0,13,2,0.67,4.3,,0
Ke'Marion Baldwin,172238,HB,JAMES MAD,1,3,1,0,0.0,0,0,7,0,0,1,4,44.4,0,0,197,0,2,67.3,60.2,65.5,,,,60.2,,6,0,0,0,0,3,0,0,0,3,0,7,4,1.33,2.3,,1
Jeremiyah Love,171090,HB,NOTRE DAME,1,3,1,0,0.0,0,0,11,0,0,1,13,144.4,0,0,258,0,3,67.3,61.9,70.1,,,57.3,62.2,,6,0,0,0,4,3,0,0,0,3,0,11,13,4.33,3.7,0.0,0
Markese Stepp,83786,HB,W KENTUCKY,1,3,0,0,0.0,0,0,4,0,0,0,4,0.0,0,0,346,0,1,67.3,52.3,70.5,,,55.5,52.9,60.0,2,0,0,0,7,4,0,0,0,3,0,4,4,1.33,1.3,0.0,2
Kendrick Raphael,170378,HB,NC STATE,1,3,2,1,75.6,31,0,41,0,0,2,33,733.3,1,1,248,0,0,67.3,74.9,73.4,,27.7,54.2,84.3,58.9,31,0,0,0,10,6,0,0,0,3,1,41,33,11.0,13.7,0.0,3
Malik Jackson,84267,HB,JVILLE ST,1,3,0,0,0.0,0,0,9,0,0,0,6,0.0,0,0,196,0,1,67.3,51.5,74.2,,,54.0,54.2,59.7,4,0,0,0,7,11,0,0,1,3,0,9,6,2.0,3.0,0.0,2
Evan Dickens,170066,HB,GA TECH,1,3,0,0,0.0,0,0,15,0,0,0,9,0.0,0,1,176,0,0,67.3,77.2,69.3,,,58.2,75.5,59.9,6,0,0,0,2,5,0,0,0,3,0,15,9,3.0,5.0,0.0,3
Dom Shoffner,62788,QB,CHARLOTTE,1,3,0,0,0.0,0,0,1,0,0,0,3,0.0,0,1,136,0,1,67.6,51.6,69.1,48.4,,,60.1,60.0,2,0,0,0,0,5,0,0,0,3,0,1,3,1.0,0.3,,1
Freddie Brock IV,142276,HB,GA STATE,1,3,1,0,0.0,0,0,7,0,0,1,8,88.9,0,0,175,0,0,67.3,58.7,70.4,,,55.0,61.3,,6,0,0,0,7,3,0,0,0,3,0,7,8,2.67,2.3,0.0,3
Khalifa Keith,174730,HB,TENNESSEE,1,3,0,0,0.0,0,0,5,0,0,0,4,0.0,0,0,307,0,1,67.3,56.3,69.2,,71.0,58.8,56.5,,4,0,0,0,2,3,0,0,0,3,0,5,4,1.33,1.7,0.0,2
Cam Barfield,162657,HB,BOSTON COL,1,3,0,0,0.0,0,0,1,0,0,0,5,0.0,0,0,121,0,2,67.3,57.0,74.5,,75.8,53.4,58.1,60.0,4,0,0,0,13,6,0,0,0,3,0,1,5,1.67,0.3,0.0,1
B.J. Harris,146874,HB,C MICHIGAN,1,3,0,0,0.0,0,0,7,0,0,0,7,0.0,0,0,134,0,2,67.8,56.6,70.2,,,63.5,55.9,59.2,4,0,9,1,3,6,0,0,1,4,0,7,7,2.33,2.3,3.0,1
Jaylen Coleman,97624,HB,DUKE,1,3,0,0,0.0,0,0,14,0,0,0,7,0.0,0,1,154,0,1,67.3,64.2,69.5,,,59.7,63.8,,7,0,0,0,1,3,0,0,0,3,0,14,7,2.33,4.7,0.0,2
Michael Johnson Jr.,97796,QB,FAU,1,3,0,1,71.1,27,0,38,0,0,0,2,0.0,2,2,165,0,2,68.6,64.8,69.5,,,,62.6,60.0,27,0,0,0,0,8,0,0,0,3,1,38,2,0.67,12.7,,1
Cam'Ron Valdez,144749,HB,TEXAS TECH,1,3,1,0,0.0,0,0,7,0,0,1,2,22.2,0,0,315,0,3,67.3,55.0,0.0,,,59.8,61.5,,4,1,0,0,1,3,0,0,0,3,0,7,2,0.67,2.3,0.0,0
Alan Bowman,77679,QB,OKLA STATE,1,3,0,0,0.0,0,0,10,0,0,0,3,0.0,1,1,262,0,0,70.5,77.0,77.7,75.4,,60.0,64.5,60.0,13,0,0,0,1,39,0,0,0,3,1,10,3,1.0,3.3,0.0,0
Noah Fifita,158722,QB,ARIZONA,1,3,3,0,0.0,0,0,-3,0,0,0,0,0.0,1,1,109,0,0,69.8,75.1,25.0,72.7,,54.3,73.5,60.0,18,1,0,0,1,32,18,1,0,2,0,15,28,9.33,5.0,0.0,0
Max Balthazar,147080,HB,COAST CAR,1,3,1,1,97.0,32,0,33,0,0,1,32,355.6,1,1,141,0,1,67.3,68.2,70.8,,,56.4,69.2,,32,0,0,0,6,3,0,0,1,3,0,33,32,10.67,11.0,0.0,2
Jaivian Thomas,176564,HB,CAL,1,3,0,0,0.0,0,0,14,0,0,0,1,0.0,0,0,130,1,1,12.1,46.1,67.8,,,59.0,48.5,,9,0,0,0,2,3,0,0,0,3,0,14,1,0.33,4.7,0.0,2
Nate Johnson,158489,QB,UTAH,1,3,2,2,100.0,79,0,79,0,0,2,63,1.4e3,2,1,328,1,0,65.5,90.8,71.0,,,,79.5,60.0,59,0,0,0,0,13,0,0,0,3,1,79,63,21.0,26.3,,2
Jayden Limar,174130,HB,OREGON,1,3,0,1,105.0,21,0,20,0,0,0,2,0.0,1,1,264,0,2,67.8,64.9,71.2,,71.0,60.6,63.7,,21,0,6,1,2,3,0,0,1,4,0,20,2,0.67,6.7,3.0,1
Raleek Brown,158458,WR,USC,1,3,1,0,0.0,0,0,16,0,0,1,9,60.0,1,2,326,0,2,68.2,67.0,69.2,,70.0,61.4,66.1,,14,0,4,2,3,3,0,0,2,5,1,16,9,3.0,5.3,1.33,1
Taylen Green,145996,QB,BOISE ST,1,3,0,0,0.0,0,0,5,0,0,0,3,0.0,0,1,120,0,1,66.6,40.6,72.0,33.2,,,58.4,60.0,6,0,0,0,0,14,1,1,0,2,0,6,4,1.33,2.0,,0
Billy Wiles,144144,QB,SO MISS,1,3,0,0,0.0,0,0,3,0,0,0,1,0.0,1,1,296,0,1,69.2,61.3,76.3,57.2,,54.3,69.0,60.0,13,0,0,0,1,26,13,1,0,2,0,16,1,0.33,5.3,0.0,0
Solo Vaipulu,75849,TE,HAWAII,1,3,0,0,0.0,0,0,9,0,0,0,5,0.0,0,0,180,0,2,67.3,66.7,78.0,,71.7,,54.7,75.3,6,0,0,0,0,25,0,0,0,3,0,9,5,1.67,3.0,,0
Kyson Brown,176525,HB,ARIZONA ST,1,3,1,0,0.0,0,0,11,1,1,1,5,55.6,0,0,110,0,3,68.5,53.6,74.1,,72.5,45.8,57.0,60.0,6,0,7,3,12,5,0,0,5,6,0,11,5,1.67,3.7,0.58,0
Owen Burk,131511,FB,AIR FORCE,1,3,0,0,0.0,0,0,8,0,0,0,4,0.0,0,0,101,0,0,67.3,55.5,72.8,,75.0,,55.9,58.4,4,0,0,0,0,8,0,0,0,3,0,8,4,1.33,2.7,,1
Ta'Quan Roberson,101625,QB,UCONN,1,3,0,0,0.0,0,0,-3,0,0,0,-1,0.0,0,0,146,1,0,70.1,52.7,77.0,54.4,,60.0,51.7,60.0,1,0,0,0,1,25,1,1,0,2,0,-2,0,0.0,-0.7,0.0,1
Justin Williams-Thomas,157610,HB,CAL,1,3,0,0,0.0,0,0,9,0,0,0,7,0.0,0,0,130,0,1,67.3,53.6,67.3,,69.2,60.0,54.6,,4,0,0,0,1,3,0,0,0,3,0,9,7,2.33,3.0,0.0,2
Conner Harrell,156352,QB,N CAROLINA,1,2,1,1,100.0,61,0,61,0,0,1,50,1250.0,1,1,245,0,0,66.6,93.0,70.4,78.6,,,83.6,60.0,61,0,0,0,0,7,0,0,0,2,1,61,50,25.0,30.5,,2
Daba Fofana,144305,FB,NAVY,1,2,0,0,0.0,0,0,4,0,0,0,1,0.0,0,0,237,0,1,65.5,46.9,75.7,,7.7,,56.5,51.6,5,0,0,0,0,20,0,0,0,2,0,4,1,0.5,2.0,,0
Malachi Thomas,144107,HB,VA TECH,1,2,0,0,0.0,0,0,2,0,0,0,4,0.0,0,0,337,0,1,65.5,47.7,70.6,,0.0,56.1,56.4,57.2,2,0,0,0,7,5,0,0,0,2,0,2,4,2.0,1.0,0.0,1
Cam Davis,146165,HB,S DIEGO ST,1,2,1,0,0.0,0,0,3,1,0,1,5,83.3,0,0,284,0,2,67.3,49.2,71.0,,,36.1,58.4,,2,0,-10,1,7,2,0,0,2,3,0,3,5,2.5,1.5,-1.43,0
Jaxson Dart,146409,QB,OLE MISS,1,2,0,0,0.0,0,0,1,0,0,0,0,0.0,1,1,226,0,1,69.6,89.3,77.4,88.3,,,64.7,60.1,12,0,0,0,0,31,12,1,0,1,0,13,19,9.5,6.5,,0
Brandon Buckhaulter,146820,WR,UAB,1,2,1,1,145.5,16,0,11,0,0,1,10,166.7,1,1,321,0,0,66.3,70.2,70.5,,,60.4,68.1,60.0,16,0,12,1,2,3,0,0,1,3,0,11,10,5.0,5.5,6.0,0
Patrick Wilk,146935,HB,TENNESSEE,1,2,1,2,100.0,33,0,33,0,0,1,8,200.0,2,2,307,0,2,65.5,82.1,67.8,,67.5,60.0,76.3,60.0,17,0,0,0,1,3,0,0,0,2,0,33,8,4.0,16.5,0.0,0
Cam Ward,133244,QB,WASH STATE,1,2,0,0,0.0,0,0,-3,0,0,0,2,0.0,0,1,341,1,0,37.3,66.6,76.7,67.8,,,55.0,60.0,2,0,0,0,0,19,0,0,0,2,0,-3,2,1.0,-1.5,,0
Money Parks,131870,WR,UTAH,1,2,0,0,0.0,0,0,8,0,1,0,3,30.0,0,0,328,0,0,67.4,55.7,78.9,,,54.6,60.8,61.3,5,0,17,3,29,34,0,0,5,5,0,8,3,1.5,4.0,0.59,0
EJ Smith,131782,HB,STANFORD,1,2,1,0,,0,0,0,0,2,1,7,262.5,0,0,300,0,0,66.9,58.8,77.5,,28.8,64.9,56.2,58.4,1,0,12,2,17,7,0,0,3,4,0,0,7,3.5,0.0,0.71,2
Bryce Farrell,131758,WR,STANFORD,1,2,1,0,0.0,0,0,6,0,1,1,3,100.0,0,0,300,0,0,70.6,45.5,77.7,,,42.8,61.1,61.9,9,0,1,1,28,14,0,0,5,3,0,6,3,1.5,3.0,0.04,0
Chip Trayanum,131631,HB,OHIO STATE,1,2,0,0,0.0,0,0,6,0,0,0,4,0.0,0,1,260,0,1,65.5,51.7,70.8,,74.1,58.8,53.4,57.3,4,0,0,0,2,7,0,0,0,2,0,6,4,2.0,3.0,0.0,0
Zach Pyron,156309,QB,GA TECH,1,2,0,0,0.0,0,0,10,0,0,0,5,0.0,0,1,176,0,2,66.4,68.7,69.8,56.0,,,68.3,60.0,5,0,0,0,0,6,0,0,0,2,0,10,5,2.5,5.0,,0
Kentrel Bullock,124129,HB,S ALABAMA,1,2,0,0,0.0,0,0,5,0,0,0,4,0.0,0,0,288,0,0,66.3,58.8,70.5,,,62.9,58.4,59.3,4,0,5,1,4,4,0,0,1,3,0,5,4,2.0,2.5,1.25,2
Ahmani Marshall,123391,HB,APP STATE,1,2,1,0,0.0,0,0,11,0,0,1,13,325.0,1,1,108,0,0,65.5,64.3,67.8,,,,63.3,60.0,11,0,0,0,0,3,0,0,0,2,0,11,13,6.5,5.5,,2
Charles Kellom,156890,HB,AKRON,1,2,0,0,0.0,0,0,2,0,0,0,1,0.0,0,0,102,0,1,65.5,58.2,66.3,,67.9,59.9,58.6,,2,0,0,0,1,2,0,0,0,2,0,2,1,0.5,1.0,0.0,1
Brian Battie,123274,HB,AUBURN,1,2,0,0,0.0,0,0,3,1,0,0,4,0.0,0,0,115,0,0,67.6,45.3,68.6,,,28.6,56.2,,3,0,0,0,4,2,0,0,1,2,0,3,4,2.0,1.5,0.0,2
Jadarian Price,156985,HB,NOTRE DAME,1,2,0,0,0.0,0,0,5,0,0,0,2,0.0,0,0,258,0,1,67.6,57.8,69.8,,68.3,58.0,58.6,60.0,3,0,0,0,3,3,0,0,0,2,0,5,2,1.0,2.5,0.0,1
Navy Shuler,122254,QB,TENNESSEE,1,2,0,1,100.0,15,0,15,0,0,0,1,0.0,1,1,307,0,1,65.9,68.6,69.1,60.4,,,64.0,60.0,15,0,0,0,0,6,0,0,0,2,0,15,1,0.5,7.5,,0
Damari Alston,157037,HB,AUBURN,1,2,1,0,0.0,0,0,8,0,0,1,7,175.0,0,0,115,0,2,65.5,57.6,71.5,,0.0,56.0,63.1,60.0,6,0,0,0,7,3,0,0,0,2,0,8,7,3.5,4.0,0.0,0
Tevin White,157191,HB,ARIZONA ST,1,2,0,0,0.0,0,0,4,0,0,0,4,0.0,0,0,110,0,0,65.5,57.1,72.1,,,55.8,58.4,60.1,2,0,0,0,5,5,0,0,0,2,0,4,4,2.0,2.0,0.0,2
Don Chaney Jr.,122207,HB,MIAMI FL,1,2,0,0,0.0,0,0,4,0,0,0,4,0.0,0,0,220,0,2,66.9,58.2,69.6,,,64.4,56.3,,4,0,5,2,8,2,0,0,2,4,0,4,4,2.0,2.0,0.63,0
Jaylin Lane,121811,WR,VA TECH,1,2,1,0,0.0,0,0,2,0,0,1,5,50.0,0,1,337,0,1,67.4,60.0,76.0,,,57.8,65.1,59.3,7,0,13,3,28,14,0,0,5,5,0,2,5,2.5,1.0,0.46,0
Jaydon Blue,157303,HB,TEXAS,1,2,1,0,0.0,0,0,11,0,0,1,11,275.0,0,0,311,0,0,62.5,60.1,69.7,,,71.5,57.9,,8,0,0,0,2,1,0,0,0,2,0,11,11,5.5,5.5,0.0,1
Jacob Conover,70963,QB,ARIZONA ST,1,2,0,0,0.0,0,0,4,0,0,0,0,0.0,1,0,110,0,0,68.4,33.0,0.0,37.6,,56.7,54.9,60.0,14,2,0,0,1,18,14,1,0,1,0,18,0,0.0,9.0,0.0,1
Michael Allen,157405,HB,NC STATE,1,2,0,0,0.0,0,0,5,0,0,0,6,0.0,0,0,248,0,0,66.3,58.8,73.2,,,67.1,55.9,59.9,4,0,11,1,7,7,0,0,1,3,0,5,6,3.0,2.5,1.57,2
Tate Carney,157522,HB,WAKE,1,2,0,0,0.0,0,0,1,0,0,0,1,0.0,0,1,339,0,0,65.5,59.0,68.2,,24.9,,62.7,,3,0,0,0,0,2,0,0,0,2,1,1,1,0.5,0.5,,2
Anthony Hankerson,157691,HB,COLORADO,1,2,1,0,0.0,0,0,8,0,1,1,5,100.0,0,0,143,0,0,67.4,64.9,72.2,,30.5,70.5,65.5,60.0,5,0,3,3,7,3,0,0,3,5,0,8,5,2.5,4.0,0.43,2
Latrele Palmer,102437,HB,JAMES MAD,1,2,2,0,0.0,0,0,5,0,0,2,3,100.0,0,0,197,0,1,66.3,54.6,69.1,,,63.5,54.0,,3,0,3,1,3,2,0,0,1,3,0,5,3,1.5,2.5,1.0,1
Victor Snow,158249,WR,BUFFALO,1,2,1,0,0.0,0,0,5,0,0,1,4,100.0,0,0,126,0,2,65.5,57.4,71.7,,,56.1,61.4,60.0,5,0,0,0,4,6,0,0,0,2,0,5,4,2.0,2.5,0.0,0
Fernando Mendoza,158323,QB,CAL,1,2,0,0,0.0,0,0,9,0,0,0,1,0.0,0,1,130,1,2,31.9,54.4,76.6,51.5,,,65.0,60.0,7,1,0,0,0,27,0,0,0,2,0,9,1,0.5,4.5,,0
Terrance Gibbs,158348,HB,GA SOUTHRN,1,2,0,0,0.0,0,0,12,0,0,0,3,0.0,0,0,174,0,1,65.5,66.4,69.6,,73.5,57.8,65.5,60.0,9,0,0,0,3,3,0,0,0,2,0,12,3,1.5,6.0,0.0,1
Keegan Jones,100594,WR,UCLA,1,2,0,1,95.0,19,0,20,0,0,0,1,0.0,1,1,324,0,1,65.5,64.4,66.1,,,,63.4,60.0,19,0,0,0,0,3,0,0,0,2,0,20,1,0.5,10.0,,1
Nathaniel Peat,100586,HB,MISSOURI,1,2,0,0,,0,0,0,0,0,0,3,0.0,0,0,229,0,2,65.5,57.7,66.9,,,60.0,58.7,60.0,0,0,0,0,1,3,0,0,0,2,0,0,3,1.5,0.0,0.0,0
PaSean Wimberly,100221,HB,BOWL GREEN,1,2,0,0,0.0,0,0,-4,0,0,0,0,0.0,0,0,122,0,2,65.5,53.1,66.1,,,,56.2,,0,0,0,0,0,2,0,0,0,2,0,-4,0,0.0,-2.0,,0
Delbert Mimms III,99609,HB,NC STATE,1,2,0,0,0.0,0,0,-1,0,0,0,1,0.0,0,0,248,0,1,65.5,58.5,69.9,,77.0,58.5,58.1,59.5,0,0,0,0,2,5,0,0,0,2,0,-1,1,0.5,-0.5,0.0,1
Sam Hicks,158584,HB,C MICHIGAN,1,2,1,1,106.7,16,0,15,0,0,1,2,50.0,1,1,134,0,0,67.6,64.0,70.7,,76.8,58.9,62.7,59.4,16,0,0,0,2,5,0,0,0,2,1,15,2,1.0,7.5,0.0,2
Taisun Phommachanh,99577,QB,UMASS,1,2,0,0,0.0,0,0,-5,0,0,0,1,0.0,0,0,216,0,0,69.3,53.4,76.5,51.7,,,60.0,60.0,-2,0,0,0,0,39,0,0,0,2,0,-5,1,0.5,-2.5,,1
Daniel Carter,99572,HB,PITTSBURGH,1,2,1,1,76.9,20,0,26,0,0,1,23,575.0,1,1,268,0,0,65.5,78.5,73.1,,79.8,56.4,77.6,63.5,20,0,0,0,4,7,0,0,0,2,0,26,23,11.5,13.0,0.0,2
Darwin Barlow,99482,HB,USC,1,2,0,1,97.7,43,0,44,0,0,0,5,0.0,1,2,326,0,1,65.5,82.0,64.5,,,,76.1,,43,0,0,0,0,2,0,0,0,2,1,44,5,2.5,22.0,,1
Connor Bazelak,99135,QB,BOWL GREEN,1,2,1,0,0.0,0,0,3,0,0,0,4,0.0,0,1,122,0,0,68.3,66.3,75.1,68.5,,,54.7,60.0,6,0,0,0,0,17,6,1,0,1,0,9,10,5.0,4.5,,1
Jarrad Baker,98553,WR,UCF,1,2,0,0,0.0,0,0,9,0,0,0,3,0.0,1,1,323,0,0,66.3,52.9,76.6,,,53.9,61.1,46.2,10,0,3,1,17,31,0,0,1,3,0,9,3,1.5,4.5,0.18,0
Kellan Hood,162755,HB,N CAROLINA,1,2,0,0,0.0,0,0,12,0,0,0,4,0.0,0,0,245,0,1,67.8,76.6,70.3,,,63.8,75.4,60.0,7,0,3,1,3,5,0,0,1,3,0,12,4,2.0,6.0,1.0,1
Jack Lausch,162845,QB,NWESTERN,1,2,0,0,0.0,0,0,6,0,0,0,3,0.0,0,0,256,0,1,65.5,53.2,65.5,,,,56.3,,3,0,0,0,0,2,0,0,0,2,0,6,3,1.5,3.0,,1
Lee Beebe Jr.,163009,HB,UAB,1,2,1,1,81.0,17,0,21,0,0,1,12,300.0,1,1,321,0,0,65.5,67.3,71.2,,88.4,57.2,67.8,57.5,17,0,0,0,4,5,0,0,0,2,0,21,12,6.0,10.5,0.0,2
Sedrick Irvin,176618,HB,STANFORD,1,2,0,0,,0,0,0,0,0,0,0,0.0,0,0,300,0,1,66.9,54.8,72.4,,12.6,64.9,56.3,59.1,2,0,4,1,5,6,0,0,1,3,0,0,0,0.0,0.0,0.8,1
Tyler Lavine,97307,HB,SMU,1,2,0,0,0.0,0,0,7,0,0,0,5,0.0,0,2,287,0,0,67.3,63.1,70.1,,20.6,51.7,68.4,60.5,4,0,0,0,3,6,0,0,1,2,1,7,5,2.5,3.5,0.0,2
Taulia Tagovailoa,97271,QB,MARYLAND,1,2,1,0,0.0,0,0,-2,0,0,1,0,0.0,0,0,215,1,1,38.3,62.7,76.1,63.4,,,56.6,60.0,2,1,0,0,0,9,0,0,0,2,0,-2,0,0.0,-1.0,,1
Zavion Thomas,163697,WR,MISS STATE,1,2,0,0,0.0,0,0,3,0,3,0,1,18.8,0,0,227,0,1,73.0,66.2,79.0,,,65.7,56.2,74.4,4,0,44,6,41,20,0,0,7,8,0,3,1,0.5,1.5,1.07,0
Chase Gillespie,163712,HB,VANDERBILT,1,2,1,0,,0,0,0,0,0,1,8,133.3,0,0,333,0,0,66.3,59.9,72.9,,25.1,56.2,64.5,,4,0,2,1,9,2,0,0,1,3,0,0,8,4.0,0.0,0.22,2
Walter Taylor III,163728,QB,VANDERBILT,1,2,0,0,,0,0,0,0,0,0,2,0.0,0,0,333,0,2,66.4,48.0,68.6,47.4,,,58.6,60.0,0,0,0,0,0,3,0,0,0,2,0,0,2,1.0,0.0,,0
Charvis Thornton,97246,HB,LA TECH,1,2,0,0,0.0,0,0,4,0,0,0,4,0.0,0,0,208,0,2,65.5,62.8,69.4,,67.9,57.4,63.0,60.0,3,0,0,0,4,3,0,0,0,2,0,4,4,2.0,2.0,0.0,0
Alante Brown,97171,WR,MICH STATE,1,2,0,0,,0,0,0,0,0,0,1,0.0,0,0,223,0,1,66.2,64.9,74.8,84.9,,54.7,58.5,60.1,4,0,0,0,8,8,0,0,1,2,0,0,1,0.5,0.0,0.0,1
Isaiah Williams,97156,WR,ILLINOIS,1,2,1,0,0.0,0,0,5,0,4,1,0,0.0,0,1,187,1,2,26.0,76.7,77.8,,,77.1,60.8,59.9,5,0,131,13,41,22,0,0,17,15,0,5,0,0.0,2.5,3.2,0
Daniel Richardson,97103,QB,FAU,1,2,2,0,0.0,0,0,0,0,0,0,,100.0,1,2,165,1,0,31.8,73.0,76.8,70.2,,,67.1,60.0,39,0,0,0,0,26,43,2,0,0,0,43,28,14.0,21.5,,0
Bennett Galloway,168436,HB,LA MONROE,1,2,2,0,0.0,0,0,15,0,0,2,13,650.0,1,1,209,0,0,65.5,68.0,70.6,,75.6,57.6,67.2,60.0,10,0,0,0,4,3,0,0,0,2,0,15,13,6.5,7.5,0.0,2
Arnold Barnes III,169972,HB,TULANE,1,2,0,0,0.0,0,0,4,0,0,0,2,0.0,0,0,319,0,1,65.5,55.2,68.8,,67.7,59.9,56.2,,2,0,0,0,0,2,0,0,0,2,0,4,2,1.0,2.0,,1
Dillon Gabriel,86272,QB,OKLAHOMA,1,2,2,0,0.0,0,0,1,0,0,2,2,100.0,0,0,261,2,1,33.2,88.1,76.9,87.9,,,59.6,60.0,1,0,0,0,0,24,0,0,0,2,0,1,2,1.0,0.5,,0
Nakia Watson,83807,HB,WASH STATE,1,2,1,0,0.0,0,0,1,0,0,1,2,50.0,0,1,341,0,2,65.5,65.9,71.6,,74.6,56.9,65.3,60.0,2,0,0,0,4,3,0,0,0,2,0,1,2,1.0,0.5,0.0,0
Champ Harris,170979,QB,ARMY,1,2,0,0,0.0,0,0,-1,0,0,0,1,0.0,0,0,114,0,0,65.5,58.1,66.6,,,,59.0,60.0,1,0,0,0,0,3,0,0,0,2,0,-1,1,0.5,-0.5,,1
Blake Murphy,181169,QB,LA MONROE,1,2,1,0,0.0,0,0,0,0,0,0,,100.0,1,1,209,0,0,67.4,39.7,73.0,36.7,,,62.8,60.0,12,0,0,0,0,2,16,2,0,0,0,16,2,1.0,8.0,,0
Kaleb Black,171876,WR,ARIZONA ST,1,2,0,0,0.0,0,0,-4,0,0,0,2,0.0,0,0,110,0,0,66.3,55.9,70.1,,,61.3,56.1,60.0,2,0,-2,1,1,3,0,0,1,3,0,-4,2,1.0,-2.0,-2.0,0
Joe Milton III,82151,QB,TENNESSEE,1,2,0,0,0.0,0,0,7,0,0,0,3,0.0,0,1,307,0,1,68.1,90.7,73.7,90.1,,,67.9,60.0,6,0,0,0,0,15,0,0,0,2,1,7,3,1.5,3.5,,1
Aidan Chiles,173727,QB,OREGON ST,1,2,0,1,79.3,23,0,23,0,0,0,7,0.0,1,1,265,0,0,64.8,65.5,69.8,53.8,,,67.5,60.0,23,0,0,0,0,6,6,1,0,1,1,29,8,4.0,14.5,,0
David Martin-Robinson,77892,TE,TEMPLE,1,2,0,0,0.0,0,0,2,0,0,0,0,0.0,0,1,306,0,0,67.4,76.7,77.1,,74.3,77.3,64.1,57.7,2,0,50,3,24,26,0,0,4,5,0,2,0,0.0,1.0,2.08,0
Jiya Wright,77688,QB,LA MONROE,1,2,0,0,0.0,0,0,9,0,0,0,2,0.0,0,0,209,1,0,22.2,41.8,73.6,50.4,,,43.1,60.0,8,0,0,0,0,15,0,0,0,2,0,9,2,1.0,4.5,,2
Dante Dowdell,174131,HB,OREGON,1,2,0,0,0.0,0,0,13,0,0,0,14,0.0,1,1,264,0,0,67.3,71.6,67.5,,74.6,59.5,69.4,,10,0,0,0,1,3,0,0,0,2,0,13,14,7.0,6.5,0.0,2
Ethan Payne,145269,HB,MARSHALL,1,2,0,0,0.0,0,0,-1,0,0,0,2,0.0,0,0,214,0,1,65.5,47.1,67.5,,,57.2,54.1,47.1,1,0,0,0,3,2,0,0,0,2,0,-1,2,1.0,-0.5,0.0,1
Kevin Hurley,145490,QB,UTEP,1,2,0,0,0.0,0,0,2,0,0,0,0,0.0,0,2,330,0,0,65.5,80.7,65.5,,,,71.0,,1,0,0,0,0,2,0,0,0,2,0,2,0,0.0,1.0,,0
Cade McConnell,73935,QB,UTEP,1,2,0,0,0.0,0,0,11,0,0,0,0,0.0,1,1,330,0,0,68.7,58.9,22.4,59.5,62.2,,60.6,60.0,11,1,0,0,0,33,2,1,0,1,0,13,0,0.0,6.5,,1
Jaden Nixon,144652,HB,OKLA STATE,1,2,0,0,0.0,0,0,-1,0,0,0,0,0.0,0,0,262,0,1,65.5,58.4,68.7,,72.6,58.3,58.6,,0,0,0,0,2,2,0,0,0,2,0,-1,0,0.0,-0.5,0.0,1
Tevin Carter,157995,QB,MEMPHIS,1,1,2,0,0.0,0,0,-4,0,0,2,3,600.0,0,0,218,0,0,64.4,65.8,70.4,72.3,,,57.0,60.0,-4,0,0,0,0,9,0,0,0,1,0,-4,3,3.0,-4.0,,1
Xavier Johnson,101641,WR,OHIO STATE,1,1,1,0,0.0,0,1,5,0,0,1,1,50.0,0,0,260,0,0,64.3,50.1,71.6,,74.6,55.8,57.7,51.4,5,1,0,1,7,3,0,0,1,2,0,5,1,1.0,5.0,0.0,0
Luke McCaffrey,101634,WR,RICE,1,1,0,0,0.0,0,0,2,0,0,0,2,0.0,0,1,275,0,0,65.0,54.8,0.0,,,56.8,,60.1,2,1,8,4,38,15,0,0,6,5,0,2,2,2.0,2.0,0.21,0
Jovantae Barnes,158085,HB,OKLAHOMA,1,1,0,0,0.0,0,0,-9,0,0,0,0,0.0,0,0,261,1,0,11.1,60.0,65.9,,72.9,,60.0,,-9,0,0,0,0,1,0,0,0,1,0,-9,0,0.0,-9.0,,0
DeMeer Blankumsee,130613,WR,MEMPHIS,1,1,0,0,0.0,0,0,10,1,0,0,0,0.0,1,1,218,0,0,67.4,75.8,78.5,,,73.9,63.2,60.6,10,0,142,6,40,12,0,0,9,7,0,10,0,0.0,10.0,3.55,0
Cooper Legas,101286,QB,UTAH ST,1,1,0,0,0.0,0,0,0,0,0,0,,100.0,0,0,329,0,0,67.1,76.8,74.8,74.6,,57.2,64.1,60.0,9,1,0,0,0,18,9,1,0,0,0,9,9,9.0,9.0,,0
Mikey Keene,70961,QB,FRESNO ST,1,1,0,0,0.0,0,0,-2,0,0,0,0,0.0,0,0,169,0,0,69.5,78.0,76.9,77.2,,,60.0,60.1,-2,0,0,0,0,28,0,0,0,1,0,-2,0,0.0,-2.0,,0
Jha'Quan Jackson,101135,WR,TULANE,1,1,0,0,,0,0,0,1,1,0,0,0.0,0,0,319,0,1,71.0,62.9,73.9,,,64.0,57.9,60.2,0,0,48,2,17,5,0,0,5,3,0,0,0,0.0,0.0,2.82,0
Joey Gatewood,82088,TE,LOUISVILLE,1,1,0,0,0.0,0,0,-3,0,1,0,1,50.0,0,0,210,0,0,64.3,69.9,71.8,,,79.5,57.1,64.7,-3,0,18,1,3,8,0,0,1,2,0,-3,1,1.0,-3.0,6.0,0
Elijhah Badger,131603,WR,ARIZONA ST,1,1,0,0,0.0,0,0,1,0,0,0,1,0.0,0,0,110,0,0,66.7,52.6,78.9,,,52.7,59.5,58.5,1,0,1,1,24,16,0,0,3,2,0,1,1,1.0,1.0,0.04,0
Sean Atkins,101127,WR,USF,1,1,1,0,0.0,0,0,0,0,0,0,,0.0,1,1,327,0,0,69.3,81.1,77.4,,,78.5,64.1,72.7,14,0,109,10,38,24,14,1,11,10,0,14,24,24.0,14.0,2.87,0
Avery Johnson,173108,QB,KANSAS ST,1,1,0,0,0.0,0,0,-1,0,0,0,0,0.0,0,0,199,0,1,63.7,27.3,69.1,27.2,,,59.7,60.0,-1,0,0,0,0,5,0,0,0,1,0,-1,0,0.0,-1.0,,0
Jacob Cowing,100894,WR,ARIZONA,1,1,0,0,0.0,0,0,6,0,1,0,4,50.0,0,0,109,0,0,68.4,68.4,78.7,,62.1,67.8,,60.7,6,0,54,7,33,27,0,0,8,8,0,6,4,4.0,6.0,1.64,0
Smoke Harris,78918,WR,LA TECH,1,1,0,0,0.0,0,0,-1,0,3,0,1,50.0,0,0,208,0,0,68.6,74.4,77.6,,,74.2,,59.6,-1,0,73,5,32,20,0,0,6,6,0,-1,1,1.0,-1.0,2.28,0
Germie Bernard,158374,WR,WASHINGTON,1,1,0,1,100.0,15,0,15,0,0,0,1,0.0,1,1,340,0,0,64.3,63.9,79.9,,,59.5,63.2,70.5,15,0,14,1,16,27,0,0,1,2,0,15,1,1.0,15.0,0.88,0
Jack Browning,146137,K,S DIEGO ST,1,1,0,0,,0,0,0,0,1,0,2,100.0,0,0,284,0,0,64.3,53.4,69.8,,,58.8,57.7,,0,0,-2,1,1,1,0,0,1,2,0,0,2,2.0,0.0,-2.0,0
Jeff Undercuffler,78501,QB,AKRON,1,1,0,0,0.0,0,0,5,0,0,0,1,0.0,0,1,102,0,0,69.7,70.1,22.0,70.0,,,63.1,60.0,5,1,0,0,0,26,0,0,0,1,1,5,1,1.0,5.0,,1
Jacques Badolato-Birdsell,146087,HB,NEVADA,1,1,0,0,0.0,0,0,-2,0,0,0,1,0.0,0,0,239,0,1,62.5,59.1,67.6,,74.6,,59.1,,-2,0,0,0,0,1,0,0,0,1,0,-2,1,1.0,-2.0,,0
Ashtyn Hawkins,147222,WR,TEXAS ST,1,1,0,0,0.0,0,0,-2,0,1,0,0,0.0,0,0,314,0,0,65.3,63.4,80.7,,,61.4,63.2,63.7,-2,0,54,2,35,35,0,0,3,3,0,-2,0,0.0,-2.0,1.54,0
Drake Stoops,78087,WR,OKLAHOMA,1,1,0,0,0.0,0,0,-6,0,3,0,0,0.0,0,0,261,0,0,68.7,77.4,0.0,,,81.8,,46.2,-6,1,134,12,36,23,0,0,14,13,0,-6,0,0.0,-6.0,3.72,0
Ethan Garbers,131896,QB,UCLA,1,1,0,0,0.0,0,0,2,0,1,0,0,0.0,0,1,324,0,0,68.3,59.9,74.4,53.8,,,71.2,60.0,2,0,5,1,0,11,0,0,1,2,0,2,0,0.0,2.0,,0
John Mateer,158516,QB,WASH STATE,1,1,0,0,0.0,0,0,-1,0,0,0,0,0.0,0,0,341,0,1,62.5,54.2,63.6,,,,57.3,,-1,0,0,0,0,1,0,0,0,1,0,-1,0,0.0,-1.0,,0
Kyre Duplessis,147082,WR,COAST CAR,1,1,0,0,0.0,0,0,-1,0,2,0,1,66.7,0,0,141,0,0,65.3,68.0,76.4,,,65.6,57.1,89.2,-1,0,50,2,21,21,0,0,6,3,0,-1,1,1.0,-1.0,2.38,1
Mark Pope,78014,WR,UMASS,1,1,0,0,0.0,0,0,2,0,0,0,2,0.0,0,0,216,0,0,64.3,58.1,76.7,,,59.6,57.5,59.3,2,0,10,1,17,20,0,0,6,2,0,2,2,2.0,2.0,0.59,0
Hollywood Smothers,173719,HB,OKLAHOMA,1,1,0,0,0.0,0,0,1,0,0,0,1,0.0,0,0,261,0,0,,58.7,67.7,,,56.9,,,1,0,0,0,5,0,0,0,0,1,0,1,1,1.0,1.0,0.0,0
Keagan Johnson,144848,WR,KANSAS ST,1,1,0,0,0.0,0,0,2,2,1,0,0,0.0,0,0,199,0,1,67.8,57.7,79.0,,,57.6,59.7,60.9,2,0,70,7,44,24,0,0,9,8,0,2,0,0.0,2.0,1.59,0
Malcolm Gillie,173996,WR,BALL ST,1,1,1,0,0.0,0,0,8,0,0,1,10,333.3,0,0,117,0,0,67.9,65.2,76.9,,,61.2,63.5,61.8,8,0,21,2,16,11,0,0,2,3,0,8,10,10.0,8.0,1.31,0
Vinny Anthony II,158687,WR,WISCONSIN,1,1,0,1,100.0,18,0,18,0,0,0,6,0.0,1,1,349,0,0,73.2,60.9,70.4,,,56.7,62.3,60.0,18,0,0,0,3,2,0,0,0,1,0,18,6,6.0,18.0,0.0,0
Ainias Smith,99207,WR,TEXAS A&M,1,1,1,0,0.0,0,0,11,0,3,1,6,342.9,1,0,312,1,0,22.5,66.4,0.0,,,70.0,63.1,39.7,11,1,83,6,34,19,0,0,10,7,0,11,6,6.0,11.0,2.44,1
Lee Witherspoon,99166,HB,UAB,1,1,1,0,0.0,0,0,4,0,0,1,3,300.0,0,0,321,0,1,62.5,66.9,69.5,,99.9,,63.1,59.8,4,0,0,0,0,3,0,0,0,1,0,4,3,3.0,4.0,,0
Jensen Jones,133209,QB,AIR FORCE,1,1,0,0,0.0,0,0,14,0,0,0,2,0.0,1,0,101,0,0,64.4,73.2,68.1,65.8,,,63.8,60.0,14,0,0,0,0,2,0,0,0,1,0,14,2,2.0,14.0,,0
Rayshon Luke,158732,HB,ARIZONA,1,1,0,0,0.0,0,0,2,0,1,0,2,100.0,0,0,109,0,1,64.3,81.0,68.5,,,92.2,59.7,60.0,2,0,66,1,4,2,0,0,1,2,0,2,2,2.0,2.0,16.5,0
Jakarius Caston,145419,WR,SO MISS,1,1,0,0,0.0,0,0,11,0,0,0,3,0.0,1,1,296,0,0,66.0,67.4,79.3,,,64.7,63.3,63.1,11,0,92,3,28,37,0,0,3,4,0,11,3,3.0,11.0,3.29,1
Semaj Morgan,174043,WR,MICHIGAN,1,1,0,1,100.0,44,0,44,0,0,0,1,0.0,1,1,222,0,0,66.4,73.1,73.0,,,64.0,69.4,60.0,44,0,27,2,9,3,0,0,3,3,1,44,1,1.0,44.0,3.0,0
Cornelius Johnson,97996,WR,MICHIGAN,1,1,0,0,0.0,0,0,14,2,0,0,5,0.0,1,1,222,0,0,65.3,54.2,78.6,,,52.4,63.2,62.1,14,0,39,2,37,22,0,0,6,3,0,14,5,5.0,14.0,1.05,0
Graham Mertz,97994,QB,FLORIDA,1,1,0,0,0.0,0,0,0,0,0,0,,100.0,0,0,163,1,0,36.4,57.1,77.0,57.3,,,57.3,60.2,5,0,0,0,0,23,5,1,0,0,0,5,0,0.0,5.0,,0
Ron Tiavaasue,138227,TE,NEW MEX ST,1,1,0,0,0.0,0,0,1,0,0,0,1,0.0,0,1,242,0,0,62.5,62.6,74.7,,69.6,55.4,62.9,56.2,1,0,0,0,4,13,0,0,0,1,1,1,1,1.0,1.0,0.0,0
JC French IV,162521,QB,GA SOUTHRN,1,1,0,0,0.0,0,0,0,0,0,0,,100.0,0,1,174,0,0,60.3,67.6,63.6,,,,63.2,,6,0,0,0,0,0,6,1,0,0,0,6,3,3.0,6.0,,0
Jaren Mangham,97773,HB,MICH STATE,1,1,0,0,0.0,0,0,-1,0,0,0,2,0.0,0,0,223,0,0,64.3,63.9,70.9,,70.9,63.7,59.6,67.4,-1,0,-3,1,3,5,0,0,1,2,0,-1,2,2.0,-1.0,-1.0,1
Jack Dawson,142027,P,JVILLE ST,1,1,0,0,0.0,0,0,9,0,0,0,3,0.0,0,0,196,0,0,62.5,56.2,70.3,,,,57.7,,9,0,0,0,0,1,0,0,0,1,0,9,3,3.0,9.0,,0
Simeon Price,146843,HB,MISS STATE,1,1,1,1,100.0,16,0,16,0,0,1,8,800.0,1,1,227,0,0,62.5,64.9,65.5,,,,63.1,59.6,16,0,0,0,0,3,0,0,0,1,0,16,8,8.0,16.0,,1
Trey Sanders,97433,HB,TCU,1,1,0,0,0.0,0,0,1,0,0,0,1,0.0,0,1,305,0,1,62.5,65.0,67.5,,,59.3,62.6,,1,0,0,0,2,1,0,0,0,1,1,1,1,1.0,1.0,0.0,0
DeAngelo Irvin Jr.,174074,WR,UNLV,1,1,0,1,100.0,19,0,19,0,0,0,2,0.0,1,1,325,0,0,66.5,69.0,64.1,,,,63.2,,19,0,0,0,0,1,0,0,0,1,0,19,2,2.0,19.0,,0
John Paddock,77689,QB,ILLINOIS,1,1,0,0,0.0,0,0,-1,0,0,0,0,0.0,0,0,187,0,0,65.2,96.2,68.1,96.0,,,60.0,,-1,0,0,0,0,1,0,0,0,1,0,-1,0,0.0,-1.0,,0
Dino Tomlin,97422,WR,BOSTON COL,1,1,0,0,0.0,0,0,-5,1,1,0,0,0.0,0,0,121,0,1,67.0,61.8,77.4,,,62.9,56.7,60.0,-5,0,41,5,35,15,0,0,10,6,0,-5,0,0.0,-5.0,1.17,0
Braylen Walker,163008,WR,RICE,1,1,0,1,100.0,20,0,20,0,0,0,12,0.0,1,0,275,1,0,11.1,44.4,64.1,,,,54.4,,20,0,0,0,0,1,0,0,0,1,0,20,12,12.0,20.0,,0
Silas Bolden,71674,WR,OREGON ST,1,1,0,0,0.0,0,0,-3,0,0,0,0,0.0,0,0,265,0,0,66.9,67.3,77.8,,,67.8,59.5,59.3,-3,0,40,3,24,24,0,0,4,4,0,-3,0,0.0,-3.0,1.67,0
Jordan Yates,97416,HB,SM HOUSTON,1,1,0,0,0.0,0,0,-2,0,0,0,0,0.0,0,0,281,0,0,62.5,58.3,66.2,,,58.3,59.7,,-2,0,0,0,1,1,0,0,0,1,0,-2,0,0.0,-2.0,0.0,1
Kaden Dudley,145979,HB,BOISE ST,1,1,0,1,100.0,18,0,18,0,0,0,13,0.0,1,1,120,0,1,69.3,64.0,71.7,,,59.1,62.9,60.4,18,0,7,1,3,6,0,0,2,2,0,18,13,13.0,18.0,2.33,0
Harold Fannin Jr.,163104,TE,BOWL GREEN,1,1,0,0,0.0,0,0,-3,0,1,0,0,0.0,0,0,122,0,0,67.0,88.7,77.7,,71.4,91.0,57.6,69.3,-3,0,92,5,22,21,0,0,7,6,0,-3,0,0.0,-3.0,4.18,0
John Emery Jr.,97403,HB,LSU,1,1,0,0,,0,0,0,0,0,0,5,0.0,0,0,211,0,0,62.5,54.5,72.5,,71.5,54.2,58.3,59.1,0,0,0,0,7,3,0,0,1,1,0,0,5,5.0,0.0,0.0,1
Jaison Patterson,145654,HB,BOWL GREEN,1,1,0,0,0.0,0,0,5,0,0,0,2,0.0,0,1,122,0,0,64.3,59.5,72.5,,18.9,66.1,62.5,57.2,5,0,7,1,1,5,0,0,1,2,0,5,2,2.0,5.0,7.0,1
Louis Brown IV,163319,WR,COLO STATE,1,1,0,0,0.0,0,0,3,0,0,0,1,0.0,0,0,144,0,0,67.0,74.2,75.2,,,75.0,57.5,61.4,3,0,55,5,16,9,0,0,6,6,0,3,1,1.0,3.0,3.44,0
Chandler Fields,97286,QB,LA LAFAYET,1,1,0,0,0.0,0,0,0,0,0,0,,100.0,0,0,207,1,0,67.2,45.3,72.8,46.7,,,57.3,60.0,5,0,0,0,0,1,5,1,0,0,0,5,2,2.0,5.0,,0
David Mbadinga,174136,HB,GA SOUTHRN,1,1,0,0,,0,0,0,0,0,0,0,0.0,0,0,174,0,0,64.8,59.4,71.1,,74.0,56.9,59.6,,0,0,0,0,5,1,0,0,0,1,0,0,0,0.0,0.0,0.0,1
Daniel Wood,174138,HB,UTAH,1,1,1,0,,0,0,0,0,0,1,0,0.0,0,0,328,0,0,62.5,57.9,62.7,,,,58.9,,0,0,0,0,0,1,0,0,0,1,0,0,0,0.0,0.0,,1
Billy Edwards Jr.,144185,QB,MARYLAND,1,1,0,0,0.0,0,0,4,0,0,0,2,0.0,0,0,215,0,0,64.8,28.6,68.1,28.3,,,59.2,60.0,4,0,0,0,0,2,0,0,0,1,0,4,2,2.0,4.0,,1
Nico Iamaleava,174728,QB,TENNESSEE,1,1,0,0,0.0,0,0,0,0,0,0,,100.0,1,1,307,0,0,65.4,66.8,71.6,63.1,,,63.1,60.0,25,0,0,0,0,5,25,1,0,0,0,25,0,0.0,25.0,,0
Devonte Ross,146735,WR,TROY,1,1,0,0,0.0,0,0,2,0,2,0,0,0.0,0,0,318,0,0,66.0,63.0,75.2,,,63.3,59.5,59.5,2,0,36,3,18,6,0,0,5,4,0,2,0,0.0,2.0,2.0,0
Amin Hassan,144313,WR,NAVY,1,1,0,0,0.0,0,0,1,1,0,0,3,0.0,0,0,237,0,0,62.5,47.9,73.7,,,37.4,59.5,56.6,1,0,0,0,7,17,0,0,1,1,0,1,3,3.0,1.0,0.0,1
Barion Brown,163779,WR,KENTUCKY,1,1,1,1,100.0,22,0,22,0,1,1,8,320.0,1,1,202,0,0,68.4,65.8,77.1,,,60.3,68.7,60.1,22,0,24,4,23,12,0,0,8,5,0,22,8,8.0,22.0,1.04,0
Lincoln Victor,97215,WR,WASH STATE,1,1,0,0,0.0,0,0,5,1,1,0,3,27.3,0,0,341,0,0,67.9,63.3,78.1,,,63.0,,58.6,5,0,56,10,35,12,0,0,14,11,0,5,3,3.0,5.0,1.6,0
Savion Red,163857,HB,TEXAS,1,1,0,0,0.0,0,0,-7,0,0,0,0,0.0,0,0,311,1,0,7.8,29.3,63.6,,,,45.8,,-7,0,0,0,0,1,0,0,0,1,0,-7,0,0.0,-7.0,,1
Dante Wright,97188,WR,TEMPLE,1,1,0,0,0.0,0,0,1,0,0,0,0,0.0,0,0,306,0,0,73.3,70.3,78.1,,,70.6,59.5,57.9,1,0,48,4,30,24,0,0,5,5,0,1,0,0.0,1.0,1.6,0
Devin Leary,77628,QB,KENTUCKY,1,1,0,0,0.0,0,0,7,0,0,0,2,0.0,0,0,202,0,0,68.1,61.2,9.4,62.8,,,60.0,60.0,7,1,0,0,0,20,0,0,0,1,0,7,2,2.0,7.0,,0
Thomas Pannunzio,75953,WR,C MICHIGAN,1,1,1,0,0.0,0,0,1,0,0,1,4,400.0,0,0,134,0,0,62.5,60.3,73.0,,,54.8,64.0,61.0,1,0,0,0,9,14,0,0,0,1,0,1,4,4.0,1.0,0.0,0
Tadd Barr,145662,WR,BUFFALO,1,1,0,0,0.0,0,0,1,0,0,0,1,0.0,0,0,126,0,0,62.5,58.2,60.0,,,,59.3,,1,0,0,0,0,1,0,0,0,1,0,1,1,1.0,1.0,,0
Keilan Robinson,97097,HB,TEXAS,1,1,0,0,0.0,0,0,8,0,0,0,4,0.0,0,0,311,0,1,66.2,66.7,63.5,,,,63.4,,8,0,0,0,0,1,0,0,0,1,0,8,4,4.0,8.0,,0
Jesse Mirco,145081,P,OHIO STATE,1,1,0,0,0.0,0,0,2,0,0,0,1,0.0,0,0,260,0,0,62.5,58.1,70.3,,,,59.3,,2,0,0,0,0,1,0,0,0,1,0,2,1,1.0,2.0,,0
Chase Penry,86538,WR,BOISE ST,1,1,0,0,,0,0,0,0,0,0,0,0.0,0,0,120,0,1,67.7,61.0,75.5,,,61.9,57.6,60.3,0,0,29,2,35,5,0,0,4,3,0,0,0,0.0,0.0,0.83,0
Emeka Egbuka,145055,WR,OHIO STATE,1,1,0,0,0.0,0,0,4,0,0,0,0,0.0,0,0,260,0,0,66.5,58.0,75.8,,,60.7,57.5,52.8,4,0,29,4,18,15,0,0,5,5,0,4,0,0.0,4.0,1.61,0
Kyle McCord,145053,QB,OHIO STATE,1,1,0,0,0.0,0,0,3,0,0,0,1,0.0,0,1,260,0,0,68.5,66.9,75.9,63.6,,,63.3,60.0,3,0,0,0,0,27,0,0,0,1,0,3,1,1.0,3.0,,0
Brock Vandagriff,146713,QB,GEORGIA,1,1,0,0,0.0,0,0,1,0,0,0,3,0.0,0,0,173,0,0,62.5,59.0,63.6,,,,59.6,,1,0,0,0,0,1,0,0,0,1,0,1,3,3.0,1.0,,1
Tony Muskett,142933,QB,VIRGINIA,1,1,0,0,0.0,0,0,6,0,0,0,2,0.0,0,0,335,0,1,64.4,65.8,68.1,59.4,,,63.1,60.0,6,0,0,0,0,3,0,0,0,1,0,6,2,2.0,6.0,,0
Jaylen Lloyd,170233,WR,NEBRASKA,1,1,0,0,0.0,0,0,6,0,0,0,3,0.0,0,0,238,0,0,64.3,53.5,75.6,,,55.0,57.7,61.1,6,0,-4,1,15,8,0,0,2,2,0,6,3,3.0,6.0,-0.27,0
J.J. McCarthy,144918,QB,MICHIGAN,1,1,0,0,0.0,0,0,0,0,0,0,,100.0,0,0,222,0,0,69.1,84.4,76.9,84.9,,,57.3,60.0,3,0,0,0,0,29,3,1,0,0,0,3,0,0.0,3.0,,0
Drake Maye,143969,QB,N CAROLINA,1,1,0,0,0.0,0,0,0,0,0,0,,100.0,0,1,245,0,0,67.9,81.9,75.5,83.6,,,57.0,60.0,4,0,0,0,0,22,4,1,0,0,0,4,2,2.0,4.0,,0
Jacob Fields,170457,HB,LA TECH,1,1,0,0,0.0,0,0,-2,0,0,0,0,0.0,0,0,208,0,1,65.6,59.0,71.8,58.1,,60.6,59.6,,-2,0,3,2,9,1,0,0,2,3,0,-2,0,0.0,-2.0,0.33,0
Chance Black,144069,HB,VA TECH,1,1,0,0,,0,0,0,0,0,0,1,0.0,0,0,337,0,0,62.5,59.2,62.7,,,,59.6,,0,0,0,0,0,1,0,0,0,1,0,0,1,1.0,0.0,,1
Antwain Littleton Jr.,144892,HB,MARYLAND,1,1,0,0,0.0,0,0,-3,0,0,0,0,0.0,0,0,215,0,0,65.5,56.4,71.9,,12.0,55.2,62.8,,-3,0,0,0,8,2,0,0,1,1,0,-3,0,0.0,-3.0,0.0,1
Drake Anderson,83729,HB,AKRON,1,1,0,0,0.0,0,0,-2,1,0,0,1,0.0,0,0,102,0,1,64.3,49.4,67.3,,72.6,29.5,59.6,,-2,0,5,1,2,1,0,0,2,2,0,-2,1,1.0,-2.0,2.5,0
Jordan Faison,171081,WR,NOTRE DAME,1,1,0,0,0.0,0,0,6,0,2,0,6,400.0,0,0,258,0,0,65.3,76.3,73.5,,,73.0,63.2,60.0,6,0,32,2,14,3,0,0,3,3,0,6,6,6.0,6.0,2.29,0
Camar Wheaton,146592,HB,SMU,1,1,0,0,0.0,0,0,1,0,0,0,1,0.0,0,0,287,0,1,62.5,60.4,67.3,,75.1,,59.6,,1,0,0,0,0,1,0,0,0,1,0,1,1,1.0,1.0,,0
Sam Candotti,156220,P,BOSTON COL,1,1,0,0,0.0,0,0,6,0,0,0,2,0.0,0,1,121,0,0,62.5,64.7,70.3,,,,62.7,,6,0,0,0,0,1,0,0,0,1,0,6,2,2.0,6.0,,0
Duane Thomas Jr.,175797,WR,CHARLOTTE,1,1,1,0,0.0,0,0,8,1,0,1,9,300.0,0,0,136,0,0,65.3,51.6,75.0,,,49.5,63.2,60.3,8,0,13,2,18,12,0,0,3,3,0,8,9,9.0,8.0,0.72,0
Lideatrick Griffin,124169,WR,MISS STATE,1,1,0,0,0.0,0,0,12,1,0,0,3,0.0,1,1,227,0,1,68.3,55.5,76.8,,,55.9,62.9,45.5,12,0,42,3,36,17,0,0,12,4,0,12,3,3.0,12.0,1.17,0
Xavier Worthy,144718,WR,TEXAS,1,1,0,1,100.0,16,0,16,0,1,0,4,66.7,1,1,311,0,0,74.9,61.6,78.6,,,60.2,63.2,57.9,16,0,48,5,32,31,0,0,14,6,0,16,4,4.0,16.0,1.5,0
Tonka Hemingway,124238,DI,S CAROLINA,1,1,0,0,0.0,0,0,2,0,0,0,3,0.0,0,1,289,0,1,62.5,66.4,63.0,,63.8,,62.5,,2,0,0,0,0,1,0,0,0,1,1,2,3,3.0,2.0,,0
Jaylon Armstead,128290,HB,S DIEGO ST,1,1,0,0,0.0,0,0,3,0,0,0,0,0.0,0,1,284,0,1,62.5,64.1,62.7,,,,62.4,,3,0,0,0,0,1,0,0,0,1,0,3,0,0.0,3.0,,0
Colby McDonald,144890,HB,MARYLAND,1,1,0,0,0.0,0,0,-3,0,0,0,3,0.0,0,0,215,0,1,64.3,54.8,73.6,,24.8,56.2,59.4,60.0,-3,0,3,1,11,3,0,0,2,2,0,-3,3,3.0,-3.0,0.27,0
JJ Pegues,123998,DI,OLE MISS,1,1,0,0,0.0,0,0,2,0,0,0,0,0.0,0,1,226,0,1,62.5,64.6,68.3,,,59.1,62.3,,2,0,0,0,0,1,0,0,0,1,0,2,0,0.0,2.0,,0
Sam Leavitt,175465,QB,MICH STATE,1,1,0,0,0.0,0,0,7,0,0,0,2,0.0,0,1,223,0,0,64.8,57.8,69.1,63.1,,60.0,62.4,60.0,7,0,0,0,1,3,0,0,1,1,0,7,2,2.0,7.0,0.0,1
Tez Johnson,123709,WR,OREGON,1,1,0,0,0.0,0,0,-16,0,2,0,0,0.0,0,0,264,1,1,72.5,86.9,77.1,,,87.4,58.8,56.0,-16,0,180,12,32,16,0,0,13,13,0,-16,0,0.0,-16.0,5.63,0
DJ Riles,156596,QB,MIDDLE TN,1,1,0,0,0.0,0,0,3,0,0,0,1,0.0,0,0,224,0,1,62.5,53.3,68.4,,,,57.3,60.0,3,0,0,0,0,2,0,0,0,1,0,3,1,1.0,3.0,,0
Stacy Sneed,123680,HB,HOUSTON,1,1,1,0,0.0,0,0,13,0,0,1,13,1.3e3,1,1,182,0,0,66.2,58.2,70.1,,,54.6,63.3,52.3,13,0,0,0,8,3,0,0,1,1,0,13,13,13.0,13.0,0.0,1
LaJohntay Wester,123616,WR,FAU,1,1,1,0,0.0,0,0,3,2,3,1,7,233.3,0,1,165,1,1,72.9,85.3,78.6,,,85.5,62.5,57.7,3,0,220,11,40,28,0,0,17,12,1,3,7,7.0,3.0,5.5,0
Zylan Perry,156734,HB,LA LAFAYET,1,1,0,0,0.0,0,0,4,0,0,0,2,0.0,0,0,207,0,0,69.5,58.2,69.9,,70.8,56.7,59.6,60.0,4,0,0,0,3,2,0,0,0,1,0,4,2,2.0,4.0,0.0,1
Deion Smith,83655,HB,BYU,1,1,0,0,0.0,0,0,4,0,0,0,4,0.0,0,1,128,0,0,64.3,52.6,73.1,,0.0,55.1,62.3,60.0,4,0,-11,1,11,2,0,0,1,2,0,4,4,4.0,4.0,-1.0,1
Asa Martin,83633,HB,TROY,1,1,0,0,0.0,0,0,4,0,0,0,1,0.0,0,0,318,0,0,62.5,56.4,66.1,,72.7,59.8,57.7,,4,0,0,0,1,1,0,0,0,1,0,4,1,1.0,4.0,0.0,1
Justin Holmes,156914,TE,KENT STATE,1,1,0,1,100.0,30,0,30,0,0,0,9,0.0,1,1,201,0,0,65.3,75.1,75.5,,71.0,56.7,68.0,74.2,30,0,11,2,12,19,0,0,3,3,0,30,9,9.0,30.0,0.92,0
Marco Lee,123355,HB,S ALABAMA,1,1,0,0,,0,0,0,0,0,0,0,0.0,0,0,288,0,0,62.5,52.1,69.7,,78.3,58.7,57.7,47.1,0,0,0,0,2,1,0,0,0,1,0,0,0,0.0,0.0,0.0,1
DeAndra Burns Jr.,172186,WR,ARK STATE,1,1,0,0,0.0,0,0,1,0,0,0,1,0.0,0,0,113,0,0,62.5,57.8,63.4,,,,59.5,,1,0,0,0,0,1,0,0,0,1,0,1,1,1.0,1.0,,0
Ja'Lynn Polk,123153,WR,WASHINGTON,1,1,0,0,0.0,0,0,7,0,1,0,6,100.0,0,0,340,0,0,67.4,72.2,78.2,,,71.7,63.2,51.9,7,0,52,5,26,27,0,0,7,6,0,7,6,6.0,7.0,2.0,0
Jet Harris,156002,FB,AIR FORCE,1,1,0,0,0.0,0,0,7,0,0,0,0,0.0,0,0,101,1,0,11.1,39.9,70.6,,37.0,,47.2,60.0,7,0,0,0,0,2,0,0,0,1,0,7,0,0.0,7.0,,0
Gi'Bran Payne,156963,HB,NOTRE DAME,1,1,0,0,0.0,0,0,6,0,0,0,2,0.0,0,0,258,0,0,62.5,49.4,71.2,,4.2,56.6,57.6,60.0,6,0,0,0,6,2,0,0,0,1,0,6,2,2.0,6.0,0.0,1
Jack Tuttle,83580,QB,MICHIGAN,1,1,0,0,0.0,0,0,-2,0,0,0,0,0.0,0,0,222,0,0,62.5,60.0,63.6,,,,60.0,,-2,0,0,0,0,1,0,0,0,1,0,-2,0,0.0,-2.0,,0
DJay Braswell,175920,HB,S CAROLINA,1,1,0,0,,0,0,0,0,0,0,0,0.0,0,0,289,0,0,62.5,56.0,63.8,,,,57.5,,0,0,0,0,0,1,0,0,0,1,0,0,0,0.0,0.0,,1
JT Daniels,83578,QB,RICE,1,1,1,0,0.0,0,0,0,0,0,0,,100.0,0,0,275,1,0,67.0,43.3,73.5,44.0,,,57.3,60.0,2,0,0,0,0,8,2,1,0,0,0,2,7,7.0,2.0,,0
Tahj Bullock,144070,QB,AKRON,1,1,0,0,0.0,0,0,2,0,0,0,3,0.0,0,0,102,0,1,62.5,59.0,63.6,,,,59.7,,2,0,0,0,0,1,0,0,0,1,0,2,3,3.0,2.0,,0
Kyle Williams,128374,WR,WASH STATE,1,1,0,0,0.0,0,0,1,0,0,0,2,0.0,0,0,341,0,0,65.3,51.3,76.8,,,52.1,57.7,60.7,1,0,28,2,36,15,0,0,5,3,0,1,2,2.0,1.0,0.78,0
Diante Vines,129483,WR,IOWA,1,1,0,0,0.0,0,0,4,0,0,0,4,0.0,0,0,192,0,0,65.3,60.4,76.6,,,62.0,57.5,60.6,4,0,9,2,11,19,0,0,2,3,0,4,4,4.0,4.0,0.82,0
Tyler Van Dyke,122225,QB,MIAMI FL,1,1,0,0,0.0,0,0,0,0,0,0,,100.0,0,1,220,1,0,69.2,46.9,77.2,42.0,,,69.3,60.0,7,0,0,0,0,29,7,1,0,0,0,7,1,1.0,7.0,,0
Jayden McGowan,157184,WR,VANDERBILT,1,1,0,0,0.0,0,0,3,1,0,0,1,0.0,0,0,333,0,1,72.4,54.2,76.1,,,51.2,64.3,61.2,3,0,15,4,28,9,0,0,7,5,0,3,1,1.0,3.0,0.54,0
Amaad Foston,151081,HB,VIRGINIA,1,1,0,0,0.0,0,0,3,0,0,0,1,0.0,0,0,335,0,0,62.5,59.3,63.8,,,,59.7,,3,0,0,0,0,1,0,0,0,1,0,3,1,1.0,3.0,,1
JoJo Earle,146588,WR,TCU,1,1,0,0,0.0,0,0,7,0,0,0,1,0.0,0,0,305,0,0,65.3,72.7,72.7,,61.1,74.2,57.7,60.2,7,0,43,2,11,6,0,0,4,3,0,7,1,1.0,7.0,3.91,0
Brayden Fowler-Nicolosi,157207,QB,COLO STATE,1,1,0,0,,0,0,0,0,0,0,0,0.0,0,0,144,1,0,36.9,51.6,76.8,53.1,,89.2,60.0,60.0,0,1,0,0,0,20,0,0,0,1,0,0,0,0.0,0.0,,0
Jeremiah Cobb,172443,HB,AUBURN,1,1,0,0,0.0,0,0,-1,0,0,0,1,0.0,0,0,115,0,1,64.3,74.7,65.2,,,74.2,59.6,,-1,0,5,1,1,1,0,0,1,2,0,-1,1,1.0,-1.0,5.0,0
Perry Carter,61384,WR,JVILLE ST,1,1,0,0,0.0,0,0,1,0,0,0,2,0.0,0,0,196,0,1,67.0,71.3,0.0,,,78.3,59.7,49.1,1,1,106,5,26,42,0,0,8,6,0,1,2,2.0,1.0,4.08,0
J.C. Davis,157231,T,NEW MEXICO,1,1,0,0,,0,0,0,0,0,0,0,0.0,0,0,241,1,0,,87.9,77.5,,53.2,,60.0,90.8,0,0,0,0,0,42,0,0,0,1,0,0,0,0.0,0.0,,0
Tank Smith,109112,HB,PENN STATE,1,1,0,0,0.0,0,0,1,0,0,0,1,0.0,0,0,266,0,0,62.5,57.2,67.4,,21.2,,59.7,60.0,1,0,0,0,0,2,0,0,0,1,0,1,1,1.0,1.0,,1
Major Everhart,157295,WR,TCU,1,1,0,0,0.0,0,0,7,0,0,0,1,0.0,0,0,305,0,0,67.2,66.5,72.6,,,63.2,63.2,60.0,7,0,14,2,10,3,0,0,2,3,0,7,1,1.0,7.0,1.4,0
Chris Parson,172551,QB,MISS STATE,1,1,0,0,0.0,0,0,0,0,0,0,,100.0,1,1,227,0,0,66.8,73.2,0.0,73.4,,,64.2,60.0,11,2,0,0,0,4,11,1,0,0,0,11,5,5.0,11.0,,0
Jordan Louie,175401,HB,N CAROLINA,1,1,0,0,,0,0,0,0,0,0,0,0.0,0,0,245,0,0,62.5,59.5,63.5,,,,59.8,,0,0,0,0,0,1,0,0,0,1,0,0,0,0.0,0.0,,1
Jarel Williams,157361,WR,W VIRGINIA,1,1,0,0,0.0,0,0,4,0,0,0,0,0.0,0,0,343,0,0,62.5,53.9,70.5,,,57.0,58.6,58.4,4,0,0,0,2,8,0,0,0,1,0,4,0,0.0,4.0,0.0,0
Anthony Simpson,146244,WR,UMASS,1,1,0,0,0.0,0,0,8,0,0,0,0,0.0,0,1,216,0,0,66.0,69.2,77.2,,,67.5,63.0,58.1,8,0,33,2,14,18,0,0,5,3,0,8,0,0.0,8.0,2.36,0
Jelani Stafford,106431,DI,UCONN,1,1,0,0,0.0,0,0,1,0,0,0,0,0.0,0,0,146,0,0,62.5,58.3,66.0,,,,59.9,60.0,1,0,0,0,0,2,0,0,0,1,0,1,0,0.0,1.0,,0
Jambres Dubar,176209,HB,BOISE ST,1,1,0,0,0.0,0,0,13,0,0,0,1,0.0,1,1,120,0,0,62.5,67.4,66.5,,70.0,,63.3,60.0,13,0,0,0,0,2,0,0,0,1,0,13,1,1.0,13.0,,1
Phil Jurkovec,83533,QB,PITTSBURGH,1,1,0,0,0.0,0,0,2,0,0,0,1,0.0,0,1,268,0,0,62.5,68.6,63.6,,,,63.3,,2,0,0,0,0,1,0,0,0,1,0,2,1,1.0,2.0,,0
Shawn Harris Jr.,105004,WR,UMASS,1,1,0,0,0.0,0,0,6,0,0,0,0,0.0,0,0,216,0,0,66.4,73.1,73.4,,,78.0,59.5,59.9,6,0,27,2,6,15,0,0,2,3,0,6,0,0.0,6.0,4.5,0
Cooper DeJean,144867,CB,IOWA,1,1,1,0,0.0,0,0,8,0,0,1,9,900.0,0,0,192,0,0,70.7,68.8,65.6,,,,63.2,60.0,8,1,0,0,0,2,0,0,0,1,0,8,9,9.0,8.0,,0
Keyvone Lee,129790,HB,MISS STATE,1,1,0,0,,0,0,0,0,0,0,0,0.0,0,0,227,0,1,62.5,58.5,67.3,,,57.7,59.7,,0,0,0,0,3,1,0,0,0,1,0,0,0,0.0,0.0,0.0,0
Noah Smith,104112,WR,SM HOUSTON,1,1,0,0,0.0,0,0,13,0,1,0,0,0.0,1,1,281,0,1,67.8,76.0,78.8,,,73.6,63.4,70.6,13,0,78,7,39,28,0,0,8,8,0,13,0,0.0,13.0,2.0,0
Kobie Campbell,129841,WR,RICE,1,1,0,0,0.0,0,0,8,0,0,0,3,0.0,0,0,275,0,0,62.5,60.1,72.4,,,55.6,63.2,60.0,8,0,0,0,7,5,0,0,0,1,0,8,3,3.0,8.0,0.0,0
Anthony Switzer,102668,LB,UTAH ST,1,1,1,0,0.0,0,0,4,0,0,1,4,400.0,0,1,329,0,0,62.5,64.5,60.0,,,,62.7,,4,0,0,0,0,1,0,0,0,1,0,4,4,4.0,4.0,,0
William Atkins IV,148354,QB,JAMES MAD,1,1,0,0,0.0,0,0,6,0,0,0,3,0.0,0,1,197,0,0,62.5,69.0,69.5,,,,63.2,60.0,6,0,0,0,0,8,0,0,0,1,0,6,3,3.0,6.0,,1
Bryce Duke,157656,HB,VA TECH,1,1,0,0,0.0,0,0,1,0,0,0,3,0.0,0,0,337,0,0,64.3,58.4,67.4,,,64.9,58.2,,1,0,3,1,2,1,0,0,1,2,0,1,3,3.0,1.0,1.5,1
Cameron Friel,146195,QB,UNLV,1,1,0,0,0.0,0,0,1,0,0,0,1,0.0,0,1,325,0,0,62.5,70.3,69.5,,,,63.2,60.0,1,0,0,0,0,8,0,0,0,1,1,1,1,1.0,1.0,,0
Milan Tucker,102655,WR,APP STATE,1,1,0,0,0.0,0,0,3,1,0,0,0,0.0,0,1,108,0,0,64.3,59.8,72.1,,,56.5,63.2,59.7,3,0,16,1,9,5,0,0,3,2,1,3,0,0.0,3.0,1.78,0
Junior Sherrill,172627,WR,VANDERBILT,1,1,0,0,0.0,0,0,11,0,0,0,7,0.0,1,1,333,0,1,64.3,68.0,75.7,,,65.5,63.4,59.6,11,0,30,1,18,15,0,0,2,2,0,11,7,7.0,11.0,1.67,0
Braylin Presley,157793,WR,TULSA,1,1,0,0,0.0,0,0,2,0,0,0,1,0.0,0,0,320,0,0,62.5,53.5,70.0,,,57.8,57.5,58.9,2,0,0,0,3,6,0,0,0,1,0,2,1,1.0,2.0,0.0,0
Emari White,157889,WR,UTEP,1,1,1,0,0.0,0,0,3,0,0,1,1,100.0,0,0,330,0,0,62.5,52.3,75.4,,,53.1,59.5,55.1,3,0,0,0,18,12,0,0,2,1,0,3,1,1.0,3.0,0.0,0
Aiden Calvert,157904,HB,AIR FORCE,1,1,1,0,0.0,0,0,3,0,0,1,4,400.0,0,0,101,0,0,62.5,44.1,73.2,,0.0,53.0,60.0,59.1,3,0,0,0,9,8,0,0,0,1,0,3,4,4.0,3.0,0.0,0
