player,player_id,position,team_name,player_game_count,accuracy_percent,aimed_passes,attempts,avg_depth_of_target,avg_time_to_throw,bats,big_time_throws,btt_rate,completion_percent,completions,declined_penalties,def_gen_pressures,drop_rate,dropbacks,drops,first_downs,franchise_id,grades_hands_fumble,grades_offense,grades_pass,grades_run,hit_as_threw,interceptions,passing_snaps,penalties,pressure_to_sack_rate,qb_rating,sack_percent,sacks,scrambles,spikes,thrown_aways,touchdowns,turnover_worthy_plays,twp_rate,yards,ypa
Ta'Quan Roberson,101625,QB,BUFFALO,1,71.2,52,57,10.6,2.58,0,8,12.9,63.2,36,0,16,2.7,60,1,25,126,70.8,69.9,72.9,66.1,1,1,65,4,6.3,88.6,1.7,1,2,0,4,2,5,7.7,403,7.1
Sawyer Robertson,146839,QB,BAYLOR,1,62.5,48,52,12.8,2.7,1,2,3.6,48.1,25,0,16,16.7,55,5,14,118,70.9,65.8,66.3,56.2,1,3,60,0,12.5,56.4,3.6,2,1,0,2,2,4,6.7,318,6.1
Nick Minicucci,173617,QB,DELAWARE,1,69.4,49,50,12.8,2.89,0,3,5.3,64.0,32,0,17,5.9,54,2,16,151,44.3,78.4,82.0,50.5,1,0,61,0,11.8,97.3,3.7,2,2,0,0,1,0,0.0,422,8.4
Caden Veltkamp,156642,QB,FAU,1,80.9,47,50,4.7,2.45,1,0,0.0,70.0,35,0,14,7.9,57,3,15,165,71.9,68.1,65.8,65.6,1,1,63,0,35.7,79.1,8.8,5,2,0,1,1,0,0.0,244,4.9
Walker Eget,146170,QB,S JOSE ST,1,59.6,47,50,12.7,2.82,0,3,5.7,54.0,27,0,10,3.6,52,1,14,285,70.3,65.9,62.6,69.4,0,0,55,0,0.0,88.5,0.0,0,2,1,2,2,2,3.6,337,6.7
Malik Washington,198729,QB,MARYLAND,1,57.8,45,48,8.2,2.75,2,2,3.9,47.9,23,0,8,11.5,53,3,11,215,70.4,62.4,56.3,75.2,0,1,56,0,0.0,58.5,0.0,0,5,0,1,1,3,5.4,210,4.4
Sam Leavitt,175465,QB,ARIZONA ST,1,69.8,43,47,8.5,2.6,3,2,4.0,59.6,28,0,15,6.7,55,2,14,110,44.8,48.3,50.5,50.8,0,0,58,0,26.7,87.1,7.3,4,4,0,1,1,3,5.2,319,6.8
Joey Aguilar,174978,QB,TENNESSEE,1,76.7,43,45,7.9,2.83,0,2,3.8,62.2,28,0,14,15.2,52,5,14,307,70.2,67.9,72.6,48.1,0,1,59,1,21.4,76.9,5.8,3,4,0,2,1,2,3.4,268,6.0
Jaylen Raynor,172203,QB,ARK STATE,1,68.9,45,45,9.3,2.65,0,0,0.0,64.4,29,0,8,6.5,50,2,11,113,72.8,63.3,54.9,75.0,0,1,53,0,25.0,73.3,4.0,2,3,0,0,1,2,3.8,209,4.6
Darian Mensah,169984,QB,DUKE,1,78.6,42,45,9.1,2.78,0,0,0.0,71.1,32,0,16,3.0,47,1,17,154,37.7,76.4,84.5,33.6,0,0,49,1,6.3,110.7,2.1,1,1,0,3,2,0,0.0,373,8.3
Kevin Jennings,158272,QB,SMU,1,64.9,37,43,8.0,2.44,1,2,4.4,53.5,23,0,4,4.2,44,1,11,287,71.3,66.8,66.4,60.3,0,1,46,0,25.0,80.6,2.3,1,0,0,5,2,0,0.0,290,6.7
Julian Sayin,183708,QB,OHIO STATE,1,90.0,40,42,9.2,2.98,1,4,9.5,85.7,36,0,11,0.0,45,0,21,260,70.6,91.4,91.6,61.6,1,0,45,0,9.1,137.5,2.2,1,2,0,0,4,1,2.2,394,9.4
Christopher Vizzina,170032,QB,CLEMSON,1,82.9,41,42,7.5,2.58,0,2,4.8,69.0,29,0,15,14.7,50,5,16,140,52.2,68.8,78.7,44.4,1,0,51,0,33.3,114.9,10.0,5,3,0,0,3,1,2.0,317,7.5
Baylor Hayes,192135,QB,TULSA,1,75.0,36,41,7.4,2.55,2,2,4.7,56.1,23,0,15,14.8,51,4,11,320,38.1,73.1,69.3,68.7,1,0,53,0,40.0,90.6,11.8,6,4,0,2,2,1,1.9,251,6.1
Jayden Maiava,158135,QB,USC,1,63.2,38,41,11.2,3.01,0,3,6.5,53.7,22,0,15,8.3,43,2,14,326,37.6,64.7,64.0,,0,2,51,0,13.3,76.1,4.7,2,0,0,3,2,3,6.1,328,8.0
JJ Kohl,174674,QB,APP STATE,1,79.5,39,41,8.1,2.64,1,0,0.0,65.9,27,0,23,12.9,50,4,19,108,30.3,52.3,51.2,59.0,1,0,52,0,17.4,101.5,8.0,4,5,0,0,2,3,5.8,278,6.8
Ben Finley,122864,QB,AKRON,1,59.0,39,40,14.0,2.8,0,2,4.9,55.0,22,0,19,4.3,48,1,17,102,70.1,55.3,53.8,60.7,0,2,50,0,26.3,82.4,10.4,5,3,0,1,3,4,8.0,291,7.3
Cutter Boley,184630,QB,KENTUCKY,1,82.1,39,40,4.8,2.66,0,0,0.0,77.5,31,0,17,3.1,51,1,21,202,70.9,72.0,70.6,64.0,0,1,54,0,29.4,83.1,9.8,5,6,1,0,0,1,1.9,258,6.5
Beau Pribula,164182,QB,MISSOURI,1,72.2,36,40,7.1,2.49,0,1,2.3,57.5,23,0,16,11.5,47,3,20,229,73.0,76.8,75.5,65.2,0,2,50,0,18.8,55.4,6.4,3,3,0,4,0,3,6.0,252,6.3
Cameran Brown,184894,QB,GA STATE,1,88.6,35,39,5.8,2.73,3,1,2.2,76.9,30,0,18,3.2,46,1,20,175,72.2,83.2,80.2,72.9,0,0,52,1,0.0,104.6,0.0,0,7,0,1,1,0,0.0,280,7.2
Brad Jackson,184354,QB,TEXAS ST,1,82.4,34,39,9.1,2.64,1,4,10.0,66.7,26,0,13,7.1,48,2,17,314,73.0,79.5,76.2,69.7,1,1,49,0,30.8,111.5,8.3,4,5,1,2,2,1,2.0,444,11.4
Will Hammond,184898,QB,TEXAS TECH,1,74.3,35,38,7.5,2.7,0,1,2.6,57.9,22,0,10,15.4,44,4,9,315,72.9,67.7,59.8,71.6,1,1,45,0,20.0,75.2,4.5,2,4,1,1,2,1,2.2,167,4.4
Micah Alejado,184162,QB,HAWAII,1,80.0,35,38,8.8,2.77,0,2,4.9,68.4,26,0,10,7.1,43,2,14,180,71.7,58.7,61.8,53.1,0,1,46,0,0.0,107.5,0.0,0,5,0,3,3,2,4.3,301,7.9
Jaron-Keawe Sagapolutele,198237,QB,CAL,1,71.4,35,38,6.6,2.65,2,1,2.6,52.6,20,0,11,20.0,44,5,11,130,69.8,74.2,76.6,54.2,0,0,46,0,18.2,77.7,4.5,2,2,0,1,1,0,0.0,210,5.5
Katin Houser,158386,QB,E CAROLINA,1,68.6,35,38,7.3,2.45,0,3,7.9,55.3,21,0,8,12.5,41,3,13,156,70.8,81.8,84.7,58.2,0,0,41,0,12.5,98.6,2.4,1,2,0,3,2,0,0.0,300,7.9
Logan Fife,128176,QB,NEW MEX ST,1,68.6,35,37,11.7,2.56,2,4,10.8,54.1,20,0,6,16.7,41,4,11,242,70.4,84.7,85.3,61.0,0,0,41,0,33.3,92.4,4.9,2,2,0,0,2,0,0.0,242,6.5
Devon Dampier,171556,QB,UTAH,1,68.8,32,37,11.1,3.38,2,1,2.5,54.1,20,0,18,9.1,43,2,14,328,72.3,75.7,74.4,68.1,0,1,46,2,11.1,79.1,4.7,2,4,0,3,2,2,4.3,224,6.1
Miller Moss,70727,QB,LOUISVILLE,1,65.7,35,37,5.3,2.32,1,0,0.0,62.2,23,0,10,0.0,38,0,12,210,71.0,59.7,54.3,71.7,0,0,38,0,10.0,99.8,2.6,1,0,0,1,2,1,2.6,248,6.7
Drew Mestemaker,190616,QB,N TEXAS,1,69.7,33,36,7.3,2.39,1,1,2.6,61.1,22,0,8,4.3,38,1,16,251,70.7,71.4,69.4,64.7,0,0,40,0,12.5,122.1,2.6,1,1,1,1,4,3,7.5,277,7.7
Blake Shapen,122282,QB,MISS STATE,1,66.7,36,36,11.8,2.81,0,3,7.9,66.7,24,0,11,0.0,41,0,14,227,71.2,64.2,64.8,57.5,0,1,43,0,36.4,83.6,9.8,4,1,0,0,0,2,4.7,324,9.0
Noah Kim,129623,QB,E MICHIGAN,1,65.6,32,36,13.1,3.02,0,5,13.2,55.6,20,0,18,4.8,41,1,10,160,69.2,72.7,74.3,53.8,0,2,43,0,16.7,98.0,7.3,3,2,0,4,4,2,4.7,309,8.6
Trinidad Chambliss,178723,QB,OLE MISS,1,62.5,32,36,7.1,2.46,2,1,2.7,52.8,19,0,4,5.0,37,1,14,226,40.5,53.6,46.4,68.8,0,0,38,0,0.0,85.8,0.0,0,1,0,2,1,1,2.6,263,7.3
Carson Beck,124010,QB,MIAMI FL,1,78.1,32,35,8.2,2.66,1,1,2.8,71.4,25,0,9,0.0,40,0,8,220,69.5,55.2,61.3,46.2,0,4,41,0,0.0,54.3,0.0,0,5,0,2,0,4,9.8,271,7.7
Gio Lopez,172309,QB,N CAROLINA,1,70.6,34,35,8.4,2.89,0,0,0.0,54.3,19,0,10,20.8,39,5,8,245,69.7,73.1,72.5,61.6,0,0,44,0,10.0,66.8,2.6,1,3,0,1,0,0,0.0,164,4.7
Nico Iamaleava,174728,QB,UCLA,1,74.2,31,35,10.6,2.86,1,1,2.6,60.0,21,0,13,8.7,42,2,12,324,69.8,63.0,63.2,58.3,2,2,46,0,15.4,64.1,4.8,2,5,0,1,1,2,4.3,221,6.3
Tayven Jackson,157615,QB,UCF,1,77.4,31,35,10.1,2.5,1,3,8.3,65.7,23,0,9,4.2,35,1,11,323,68.7,87.5,86.6,,1,1,36,2,0.0,98.2,0.0,0,0,0,2,2,1,2.8,287,8.2
DJ Lagway,184426,QB,FLORIDA,1,65.6,32,34,10.7,2.82,0,2,5.4,58.8,20,0,10,4.8,39,1,14,163,70.0,68.5,66.0,65.5,0,2,42,0,20.0,60.9,5.1,2,3,0,2,0,3,7.1,280,8.2
Aidan Chiles,173727,QB,MICH STATE,1,87.5,32,34,5.2,2.62,0,0,0.0,79.4,27,0,7,3.6,37,1,10,223,70.3,80.6,78.1,68.0,0,0,40,1,28.6,106.3,5.4,2,1,0,2,1,0,0.0,243,7.1
Aidan Armenta,175731,QB,LA MONROE,1,63.6,33,33,13.5,3.05,0,1,2.9,57.6,19,0,10,9.5,38,2,9,209,33.1,39.4,39.7,57.8,0,2,43,1,40.0,56.1,10.5,4,1,0,0,1,4,10.0,168,5.1
Carlos Del Rio-Wilson,146687,QB,MARSHALL,1,76.7,30,32,6.7,2.67,1,1,2.9,68.8,22,0,14,4.3,34,1,15,214,73.7,74.4,68.8,68.8,1,1,42,0,0.0,92.8,0.0,0,2,0,0,1,2,5.1,277,8.7
Taylen Green,145996,QB,ARKANSAS,1,76.9,26,32,9.9,3.52,0,1,2.9,59.4,19,0,20,5.0,42,1,18,111,70.2,78.5,65.8,84.4,3,0,46,0,20.0,116.1,9.5,4,6,0,3,3,1,2.2,256,8.0
Demond Williams Jr.,183648,QB,WASHINGTON,1,72.4,29,32,8.1,2.72,1,2,6.1,62.5,20,0,13,4.8,36,1,11,340,69.2,55.6,55.5,57.4,0,3,37,0,15.4,42.3,5.6,2,2,0,2,0,2,5.4,209,6.5
Marcel Reed,175940,QB,TEXAS A&M,1,80.6,31,32,7.6,2.75,1,2,5.9,71.9,23,0,5,8.0,35,2,17,312,70.7,82.3,78.2,71.1,0,0,39,0,0.0,129.7,0.0,0,3,0,0,3,0,0.0,280,8.8
Rickie Collins,172474,QB,SYRACUSE,1,56.7,30,31,10.9,2.62,1,2,5.9,48.4,15,0,12,11.8,35,2,5,304,71.8,56.4,48.2,71.9,0,3,38,0,16.7,41.3,5.7,2,2,0,0,2,2,5.3,126,4.1
Bryson Barnes,131845,QB,UTAH ST,1,75.9,29,31,11.2,3.27,0,2,5.9,67.7,21,0,20,4.5,39,1,11,329,72.7,85.9,82.0,73.1,1,0,42,0,15.0,113.1,7.7,3,5,0,1,1,0,0.0,326,10.5
Maverick McIvor,99476,QB,W KENTUCKY,1,69.0,29,31,6.2,2.58,0,0,0.0,58.1,18,0,8,10.0,36,2,6,346,32.5,42.7,41.6,56.6,0,3,38,0,12.5,31.2,2.8,1,3,2,0,0,4,10.5,151,4.9
Josh Hoover,127148,QB,TCU,1,80.0,30,31,8.6,2.56,0,2,6.3,71.0,22,0,3,8.3,31,2,12,305,29.9,76.3,84.1,39.1,0,0,32,0,0.0,124.5,0.0,0,0,0,1,3,0,0.0,231,7.5
Gunner Stockton,157072,QB,GEORGIA,1,89.7,29,31,7.9,3.06,0,3,9.1,83.9,26,0,8,0.0,35,0,21,173,72.5,91.0,89.1,75.7,0,0,39,0,0.0,145.1,0.0,0,4,0,2,4,0,0.0,289,9.3
Joe Fagnano,104768,QB,UCONN,1,79.3,29,31,10.0,2.81,0,2,5.9,74.2,23,0,4,0.0,36,0,14,146,71.1,86.7,83.2,71.3,0,0,39,0,25.0,152.2,2.8,1,4,0,2,4,0,0.0,362,11.7
Ethan Vasko,163817,QB,LIBERTY,1,69.0,29,30,7.8,2.85,0,1,3.0,66.7,20,0,12,0.0,33,0,13,206,70.9,66.4,62.0,69.2,0,2,36,0,16.7,54.7,6.1,2,1,0,1,0,2,5.6,179,6.0
Jackson Arnold,173684,QB,AUBURN,1,85.2,27,30,8.0,2.91,1,4,12.9,60.0,18,0,14,21.7,41,5,10,115,71.9,78.8,89.3,51.9,0,1,42,0,35.7,66.9,12.2,5,6,0,2,0,0,0.0,207,6.9
Jackson Brousseau,173480,QB,COLO STATE,1,57.1,28,29,13.7,3.07,0,1,3.2,51.7,15,0,18,6.3,38,1,8,144,33.2,49.8,47.4,61.7,0,0,41,0,33.3,82.0,15.8,6,3,0,1,1,2,5.0,176,6.1
Jake Retzlaff,70874,QB,TULANE,1,82.1,28,29,9.0,2.67,0,0,0.0,75.9,22,0,8,4.3,31,1,15,319,71.6,79.4,73.6,72.8,0,1,33,0,0.0,111.4,0.0,0,2,0,1,2,2,6.1,261,9.0
Tucker Gleason,122475,QB,TOLEDO,1,78.6,28,29,9.9,2.71,0,3,10.3,72.4,21,0,6,4.5,30,1,15,316,68.8,91.3,91.0,64.7,0,0,30,1,0.0,144.3,0.0,0,1,0,1,4,0,0.0,294,10.1
Carter Jones,198923,QB,NEVADA,1,82.1,28,29,7.4,2.26,0,1,3.1,79.3,23,0,8,0.0,33,0,11,239,70.5,76.2,80.8,55.2,0,0,36,0,12.5,97.3,3.0,1,3,0,1,0,0,0.0,213,7.3
Grayson James,145214,QB,BOSTON COL,1,60.7,28,29,13.0,2.84,0,2,6.5,55.2,16,0,14,5.9,39,1,12,121,71.5,71.6,67.6,67.9,0,0,41,1,42.9,100.4,15.4,6,4,0,1,2,0,0.0,204,7.0
Brendan Sorsby,156398,QB,CINCINNATI,1,79.3,29,29,9.6,3.16,0,3,9.4,69.0,20,0,7,13.0,32,3,14,138,70.1,92.1,92.6,61.0,0,0,36,0,14.3,132.8,3.1,1,2,0,0,3,0,0.0,270,9.3
Ty Simpson,157008,QB,ALABAMA,1,73.1,26,29,8.6,3.03,2,2,6.3,65.5,19,0,7,0.0,34,0,14,103,69.3,73.0,73.3,60.6,0,0,38,0,14.3,116.0,2.9,1,3,0,1,2,0,0.0,253,8.7
Anthony Colandrea,170131,QB,UNLV,1,69.0,29,29,10.1,2.48,0,2,6.7,62.1,18,0,8,10.0,38,2,10,325,71.1,73.8,65.3,74.4,0,1,39,0,37.5,93.3,7.9,3,5,0,0,2,1,2.6,215,7.4
Ethan Grunkemeyer,183606,QB,PENN STATE,1,61.5,26,29,6.4,2.75,1,0,0.0,51.7,15,0,10,6.3,32,1,10,266,30.0,54.3,56.3,52.3,0,2,33,1,0.0,29.8,0.0,0,3,0,2,0,0,0.0,93,3.2
Kaden Anderson,127312,QB,WYOMING,1,82.1,28,28,4.7,2.61,0,2,6.9,82.1,23,0,6,0.0,31,0,14,351,68.5,58.3,60.7,51.6,0,1,33,0,16.7,95.1,3.2,1,2,0,0,1,2,6.3,211,7.5
Josh Holst,171312,QB,N ILLINOIS,1,75.0,28,28,7.1,2.81,0,1,3.4,71.4,20,0,6,4.8,35,1,8,254,34.6,71.4,72.1,61.2,0,0,37,0,33.3,109.1,5.7,2,5,0,0,2,1,2.8,159,5.7
Fernando Mendoza,158323,QB,INDIANA,1,85.7,28,28,8.0,2.42,0,2,6.7,85.7,24,0,6,0.0,29,0,16,190,70.7,90.1,90.1,64.5,0,0,31,0,0.0,155.7,0.0,0,1,0,0,4,0,0.0,332,11.9
Garrett Nussmeier,146757,QB,LSU,1,75.0,28,28,5.9,2.29,0,2,6.3,67.9,19,0,13,9.5,30,2,10,211,68.5,76.2,75.6,,0,0,34,0,15.4,115.9,6.7,2,0,0,0,2,1,2.9,225,8.0
Tommy Castellanos,158433,QB,FLORIDA ST,1,50.0,28,28,17.1,3.44,0,3,10.7,50.0,14,0,14,0.0,35,0,9,167,71.7,65.0,69.1,58.6,0,0,37,1,7.1,79.8,2.9,1,6,0,0,0,0,0.0,242,8.6
John Mateer,158516,QB,OKLAHOMA,1,74.1,27,27,4.1,2.1,0,0,0.0,70.4,19,0,4,5.0,29,1,12,261,72.0,57.2,53.9,62.9,0,0,32,0,25.0,97.0,3.4,1,0,0,0,1,2,6.3,155,5.7
Ryder Burton,175011,QB,UAB,1,77.8,27,27,10.6,2.68,0,3,10.0,74.1,20,0,9,4.8,29,1,15,321,70.3,90.8,91.6,57.4,0,1,32,0,11.1,124.2,3.4,1,1,0,0,3,1,3.1,251,9.3
Arch Manning,173162,QB,TEXAS,1,54.5,22,27,6.2,2.67,2,0,0.0,44.4,12,0,15,0.0,32,0,6,311,72.0,51.8,52.0,56.1,0,0,33,0,20.0,59.5,9.4,3,2,0,3,0,0,0.0,132,4.9
Skyler Locklear,164027,QB,UTEP,1,91.7,24,27,3.5,2.06,1,1,3.6,77.8,21,0,4,4.5,27,1,8,330,73.6,72.7,66.3,69.8,0,1,28,1,0.0,112.3,0.0,0,0,0,2,2,1,3.6,236,8.7
Zevi Eckhaus,148535,QB,WASH STATE,1,79.2,24,27,7.9,2.64,3,1,3.6,66.7,18,0,11,5.3,30,1,8,341,71.9,65.2,60.5,66.3,0,2,31,0,9.1,67.4,3.3,1,2,0,0,1,2,6.5,183,6.8
Bryce Underwood,198795,QB,MICHIGAN,1,85.2,27,27,4.3,2.58,0,3,10.3,77.8,21,0,7,8.7,31,2,13,222,70.4,82.9,89.1,57.6,0,0,33,0,14.3,126.9,3.2,1,3,0,0,2,0,0.0,230,8.5
LaNorris Sellers,174326,QB,S CAROLINA,1,77.3,22,26,5.2,2.97,1,0,0.0,65.4,17,0,16,0.0,36,0,6,289,70.7,58.6,53.5,65.3,0,0,40,0,37.5,89.3,16.7,6,4,1,2,1,0,0.0,124,4.8
Preston Stone,124716,QB,NWESTERN,1,52.0,25,26,14.1,2.8,0,2,6.5,42.3,11,0,4,15.4,27,2,9,256,70.8,57.1,51.5,69.9,0,1,32,0,0.0,68.1,0.0,0,1,0,1,2,4,12.5,132,5.1
Keyone Jenkins,170403,QB,FIU,1,72.0,25,26,6.6,2.81,0,2,6.7,65.4,17,0,4,5.6,27,1,9,166,69.3,73.8,72.6,63.0,0,0,31,0,25.0,98.9,3.7,1,0,0,1,1,0,0.0,184,7.1
Noah Fifita,158722,QB,ARIZONA,1,96.0,25,26,4.0,2.98,1,0,0.0,92.3,24,0,12,0.0,34,0,12,109,69.8,72.8,72.5,62.0,0,0,38,0,33.3,135.4,11.8,4,4,0,0,2,0,0.0,269,10.3
CJ Carr,184093,QB,NOTRE DAME,1,65.4,26,26,7.0,2.6,0,1,3.7,61.5,16,0,6,5.9,27,1,7,258,71.0,57.2,53.6,62.9,0,1,28,0,16.7,72.0,3.7,1,0,0,0,1,1,3.6,136,5.2
JC French IV,162521,QB,GA SOUTHRN,1,68.0,25,26,7.9,2.4,0,0,0.0,65.4,17,0,6,0.0,34,0,12,174,71.4,62.8,55.7,68.3,0,0,38,0,16.7,128.7,2.9,1,7,1,0,3,0,0.0,210,8.1
Lucian Anderson III,173364,QB,BOWL GREEN,1,82.6,23,25,8.2,2.77,1,2,7.1,68.0,17,0,5,10.5,32,2,6,122,33.3,80.3,72.3,76.2,0,2,35,0,60.0,50.9,9.4,3,4,0,1,0,2,5.7,153,6.1
Alonza Barnett III,156710,QB,JAMES MAD,1,68.0,25,25,10.5,3.18,0,2,8.0,68.0,17,0,10,0.0,32,0,17,197,72.7,88.9,82.3,75.7,0,0,32,0,20.0,134.6,6.3,2,5,0,0,2,0,0.0,295,11.8
AJ Hill,198754,QB,MEMPHIS,1,66.7,21,25,9.3,3.22,1,1,3.7,52.0,13,0,6,7.1,25,1,9,218,67.9,62.9,64.7,,0,1,27,1,0.0,71.3,0.0,0,0,0,3,1,1,3.7,175,7.0
Athan Kaliakmanis,144971,QB,RUTGERS,1,40.9,22,25,13.5,2.69,1,0,0.0,32.0,8,0,12,11.1,30,1,3,278,68.7,50.2,49.3,57.7,0,2,30,0,25.0,8.6,10.0,3,2,0,2,0,1,3.3,79,3.2
Chandler Morris,122938,QB,VIRGINIA,1,66.7,24,25,10.8,2.32,0,2,8.0,60.0,15,0,8,6.3,26,1,6,335,71.0,75.7,75.4,62.9,0,0,26,0,0.0,81.9,0.0,0,1,0,1,0,0,0.0,179,7.2
Dylan Raiola,183581,QB,NEBRASKA,1,72.0,25,25,10.2,3.35,0,2,7.7,68.0,17,0,19,5.6,38,1,9,238,68.9,57.6,58.3,56.3,0,0,39,0,47.4,88.3,23.7,9,4,0,0,0,0,0.0,177,7.1
Dru DeShields,176094,QB,KENT STATE,1,59.1,22,24,8.6,2.47,1,1,3.7,50.0,12,0,8,7.7,25,1,4,201,68.0,52.7,53.9,,0,1,28,1,12.5,67.9,4.0,1,0,0,1,1,2,7.1,159,6.6
Mason Heintschel,199088,QB,PITTSBURGH,1,65.2,23,24,8.8,3.44,0,0,0.0,54.2,13,0,16,13.3,31,2,5,268,71.6,53.1,40.5,78.2,0,1,33,0,43.8,54.3,22.6,7,0,0,1,0,1,3.0,141,5.9
Byrum Brown,156206,QB,USF,1,62.5,24,24,13.0,3.23,0,3,12.0,58.3,14,0,4,6.7,28,1,11,327,72.6,90.6,88.2,74.2,0,0,29,0,25.0,134.7,3.6,1,3,0,0,3,0,0.0,256,10.7
Bishop Davenport,163426,QB,S ALABAMA,1,86.4,22,23,2.8,2.5,1,0,0.0,78.3,18,0,7,5.3,26,1,5,288,30.4,66.2,64.7,61.9,0,0,31,0,28.6,88.0,7.7,2,0,0,0,0,1,3.2,118,5.1
Parker Navarro,123758,QB,OHIO,1,85.7,21,23,12.1,3.33,0,0,0.0,73.9,17,0,9,5.6,27,1,13,259,70.7,91.2,91.6,66.2,0,1,31,0,11.1,82.7,3.7,1,3,0,2,0,1,3.2,205,8.9
Maddux Madsen,163379,QB,BOISE ST,1,71.4,21,23,9.0,2.85,1,1,4.3,60.9,14,0,5,6.7,27,1,11,120,67.9,83.8,86.8,58.2,0,1,27,0,20.0,120.1,3.7,1,3,0,1,4,0,0.0,253,11.0
Bear Bachmeier,203434,QB,BYU,1,70.0,20,23,12.2,2.48,1,0,0.0,56.5,13,0,9,7.1,25,1,9,128,72.2,74.8,65.8,71.9,0,0,27,0,22.2,93.8,8.0,2,0,1,1,1,1,3.7,166,7.2
Conner Weigman,158683,QB,HOUSTON,1,71.4,21,23,7.7,2.36,2,1,4.0,65.2,15,0,6,0.0,23,0,8,182,73.9,78.5,60.6,82.5,0,0,25,0,0.0,125.7,0.0,0,0,0,0,3,0,0.0,164,7.1
Tucker Kilcrease,156863,QB,TROY,1,82.4,17,22,8.2,2.63,4,0,0.0,63.6,14,0,9,0.0,24,0,9,318,71.4,63.1,69.1,51.6,0,0,25,0,11.1,112.3,4.2,1,1,0,1,1,0,0.0,222,10.1
Grayson Loftis,170054,QB,CHARLOTTE,1,52.4,21,22,13.4,2.77,0,2,8.7,45.5,10,0,6,9.1,23,1,5,136,28.5,75.1,82.7,48.7,1,1,25,0,16.7,56.6,4.3,1,0,0,0,1,0,0.0,108,4.9
Dequan Finn,97804,QB,MIAMI OH,1,68.4,19,22,9.0,3.19,1,0,0.0,59.1,13,0,8,0.0,25,0,12,221,72.2,80.0,72.4,73.4,0,0,25,0,12.5,111.7,4.0,1,2,0,2,2,0,0.0,159,7.2
Evan Simon,129906,QB,TEMPLE,1,75.0,20,22,10.1,2.1,0,2,9.1,68.2,15,0,6,0.0,24,0,11,306,69.9,87.4,85.4,68.2,0,0,24,0,16.7,135.2,4.2,1,1,0,2,3,0,0.0,194,8.8
Haynes King,124329,QB,GA TECH,1,78.9,19,22,9.4,2.37,2,1,4.3,68.2,15,0,7,0.0,23,0,8,176,74.3,85.7,86.7,67.4,0,0,24,0,0.0,97.5,0.0,0,1,0,1,0,0,0.0,204,9.3
Diego Pavia,156927,QB,VANDERBILT,1,84.2,19,22,8.9,3.45,0,3,13.0,63.6,14,0,13,12.5,31,2,12,333,73.0,90.3,91.9,66.2,0,0,32,0,7.7,100.6,3.2,1,8,0,3,1,0,0.0,160,7.3
Jack Layne,158966,QB,NEW MEXICO,1,76.5,17,21,5.9,2.83,1,0,0.0,61.9,13,0,8,0.0,25,0,7,241,28.9,61.7,60.1,61.2,1,0,30,0,12.5,78.5,4.0,1,3,0,2,0,0,0.0,125,6.0
Caden Creel,170414,QB,JVILLE ST,1,66.7,21,21,6.6,3.39,0,0,0.0,66.7,14,0,11,0.0,28,0,7,196,70.7,55.7,53.6,60.0,0,0,31,0,9.1,97.5,3.6,1,6,0,0,1,0,0.0,121,5.8
Lunch Winfield,176367,QB,LA LAFAYET,1,61.9,21,21,9.0,3.21,0,0,0.0,57.1,12,0,11,7.7,28,1,6,207,24.0,53.4,43.4,64.2,0,1,29,0,18.2,52.1,7.1,2,5,0,0,0,2,6.9,112,5.3
Owen McCown,157688,QB,UTSA,1,66.7,21,21,8.0,2.11,0,1,4.3,57.1,12,0,9,14.3,27,2,7,331,11.7,66.7,62.2,69.6,0,0,29,0,33.3,86.4,11.1,3,2,0,0,1,4,13.8,105,5.0
Colton Joseph,172283,QB,DOMINION,1,66.7,21,21,13.8,2.25,0,4,18.2,61.9,13,0,5,7.1,23,1,7,263,70.4,65.8,61.8,66.6,0,2,24,0,40.0,95.1,8.7,2,0,0,0,3,2,8.3,209,10.0
Malachi Singleton,172426,QB,PURDUE,1,68.8,16,20,9.0,2.94,0,1,5.0,55.0,11,0,14,0.0,24,0,7,273,70.9,64.5,66.5,58.2,2,1,24,0,14.3,64.4,8.3,2,2,0,2,0,2,8.3,179,9.0
Dante Moore,173983,QB,OREGON,1,78.9,19,20,13.2,2.64,0,5,25.0,75.0,15,0,3,0.0,22,0,12,264,68.0,93.2,92.8,70.5,0,1,22,0,0.0,135.4,0.0,0,2,0,1,4,0,0.0,288,14.4
Drake Lindsey,184727,QB,MINNESOTA,1,80.0,20,20,6.6,2.61,0,1,4.5,80.0,16,0,3,0.0,21,0,7,225,68.1,68.4,64.7,63.2,0,0,23,0,33.3,115.2,4.8,1,0,0,0,1,0,0.0,153,7.7
Sam Jackson V,144682,QB,OKLA STATE,1,72.2,18,19,11.1,4.14,0,1,4.5,57.9,11,0,9,15.4,23,2,7,262,33.5,58.7,72.5,45.8,0,1,27,0,0.0,61.1,0.0,0,4,0,1,0,1,3.8,149,7.8
Samari Collier,144801,QB,COAST CAR,1,72.2,18,19,7.6,2.67,0,1,5.0,63.2,12,0,6,7.7,21,1,6,141,74.3,58.7,44.8,67.8,0,1,22,1,16.7,76.2,4.8,1,1,0,1,1,1,4.5,118,6.2
Kiael Kelly,145634,QB,BALL ST,1,73.7,19,19,8.9,2.69,0,0,0.0,52.6,10,0,11,28.6,28,4,9,117,42.5,68.2,58.5,71.0,0,1,31,0,36.4,68.1,14.3,4,4,0,0,1,1,3.2,121,6.4
Hunter Watson,183993,QB,SM HOUSTON,1,78.9,19,19,9.6,2.68,0,1,4.8,68.4,13,0,4,13.3,21,2,10,281,68.8,75.8,76.8,59.3,0,0,23,0,25.0,112.0,4.8,1,1,0,0,1,0,0.0,161,8.5
Braylon Braxton,144442,QB,SO MISS,1,76.5,17,18,10.9,2.81,1,2,11.1,72.2,13,0,3,0.0,19,0,5,296,71.2,73.2,77.7,56.4,0,1,19,0,0.0,109.7,0.0,0,1,0,0,1,1,5.3,232,12.9
Scotty Fox Jr.,199546,QB,W VIRGINIA,1,53.3,15,17,11.8,2.6,1,0,0.0,35.3,6,0,10,25.0,24,2,2,343,42.0,35.4,33.9,53.7,0,0,25,0,50.0,44.0,20.8,5,2,0,1,0,1,4.0,47,2.8
AJ Hairston,184157,QB,UMASS,1,57.1,14,16,7.7,3.64,0,2,11.1,37.5,6,0,11,25.0,25,2,4,216,69.1,73.5,77.2,65.8,0,0,27,2,27.3,103.9,12.0,3,6,0,2,2,0,0.0,119,7.4
Mark Gronowski,138303,QB,IOWA,1,73.3,15,16,3.7,2.63,0,0,0.0,62.5,10,0,4,9.1,18,1,2,192,71.7,67.6,47.5,79.7,0,1,20,0,0.0,45.8,0.0,0,2,0,1,0,0,0.0,68,4.3
Ben Gulbranson,131734,QB,STANFORD,1,63.6,11,13,8.3,3.02,1,0,0.0,46.2,6,0,7,14.3,14,1,5,300,66.4,61.1,60.0,,0,1,15,0,14.3,63.0,7.1,1,0,0,1,1,1,6.7,90,6.9
Elijah Brown,183276,QB,STANFORD,1,58.3,12,12,6.3,2.27,0,0,0.0,50.0,6,0,4,14.3,13,1,3,300,68.1,52.6,51.0,59.6,0,0,15,0,25.0,68.4,7.7,1,0,0,0,0,0,0.0,71,5.9
Maalik Murphy,157302,QB,OREGON ST,1,75.0,12,12,8.7,2.5,0,0,0.0,75.0,9,0,3,0.0,13,0,4,265,66.0,58.5,58.0,,0,0,13,0,33.3,88.5,7.7,1,0,0,0,0,1,7.7,69,5.8
Hunter Simmons,148254,QB,WISCONSIN,1,77.8,9,12,10.2,3.48,1,0,0.0,50.0,6,0,9,14.3,14,1,3,349,66.5,62.4,61.5,,1,1,16,0,22.2,27.8,14.3,2,0,0,1,0,0,0.0,54,4.5
Cale Hellums,170981,QB,ARMY,1,88.9,9,10,19.8,3.32,0,2,16.7,70.0,7,0,5,12.5,17,1,7,114,53.0,74.7,83.7,63.3,0,0,19,0,40.0,112.5,11.8,2,5,0,1,0,1,5.3,125,12.5
Ryan Browne,174949,QB,PURDUE,1,55.6,9,10,14.9,2.68,0,0,0.0,50.0,5,0,5,0.0,10,0,0,273,66.8,48.5,46.0,60.9,0,0,12,0,0.0,56.7,0.0,0,0,0,1,0,0,0.0,31,3.1
Brendon Lewis,131687,QB,MEMPHIS,1,100.0,9,10,4.7,3.55,0,0,0.0,90.0,9,0,9,0.0,14,0,5,218,68.7,74.2,80.6,58.4,0,0,14,0,11.1,95.0,7.1,1,3,0,1,0,0,0.0,68,6.8
Khalil Wilkins,189946,QB,W VIRGINIA,1,55.6,9,10,7.8,2.91,0,0,0.0,50.0,5,0,6,0.0,14,0,2,343,20.0,42.3,29.0,62.4,0,0,15,0,50.0,57.1,21.4,3,1,0,1,0,2,13.3,32,3.2
Gabarri Johnson,175905,QB,OREGON ST,1,88.9,9,9,5.9,2.24,0,0,0.0,77.8,7,0,0,12.5,9,1,4,265,70.5,75.1,55.8,78.8,0,1,10,0,,100.7,0.0,0,0,0,0,1,1,10.0,79,8.8
Landyn Locke,199937,QB,SM HOUSTON,1,75.0,8,9,7.5,2.77,0,0,0.0,55.6,5,0,2,16.7,10,1,2,281,66.5,58.8,59.1,59.7,0,0,10,0,50.0,66.9,10.0,1,0,0,1,0,0,0.0,40,4.4
Rodney Tisdale Jr.,188754,QB,W KENTUCKY,1,87.5,8,8,6.9,2.92,0,0,0.0,87.5,7,0,1,0.0,9,0,4,346,65.1,81.7,85.8,57.3,0,0,9,0,0.0,101.0,0.0,0,1,0,0,0,0,0.0,66,8.3
Mabrey Mettauer,183668,QB,SM HOUSTON,1,62.5,8,8,4.1,3.07,0,0,0.0,50.0,4,0,4,20.0,12,1,1,281,67.0,48.9,56.8,48.5,0,0,13,0,25.0,106.3,8.3,1,3,0,0,1,0,0.0,44,5.5
Jordan Magwood,199666,QB,FAU,1,85.7,7,8,7.7,3.01,0,0,0.0,75.0,6,0,3,0.0,10,0,3,165,66.5,66.9,70.2,57.8,1,0,10,0,0.0,88.0,0.0,0,2,0,0,0,0,0.0,45,5.6
Kevin Sperry,198436,QB,FLORIDA ST,1,57.1,7,8,19.4,3.95,0,0,0.0,50.0,4,0,3,0.0,11,0,3,167,65.8,63.1,61.5,62.0,0,0,12,1,33.3,79.7,9.1,1,2,0,1,0,0,0.0,69,8.6
Liam Szarka,197814,QB,AIR FORCE,1,66.7,6,8,7.7,2.91,0,0,0.0,37.5,3,0,5,25.0,10,1,3,101,77.4,72.9,51.1,72.9,1,0,11,0,20.0,50.5,10.0,1,1,0,1,0,0,0.0,33,4.1
Zach Wilcke,156836,QB,CHARLOTTE,1,83.3,6,7,2.8,3.61,0,0,0.0,71.4,5,0,4,0.0,10,0,5,136,67.5,60.2,48.0,67.9,0,0,10,0,25.0,91.4,10.0,1,2,0,1,0,0,0.0,50,7.1
Walker Howard,157112,QB,LA LAFAYET,1,50.0,6,6,13.0,3.09,0,0,0.0,33.3,2,0,3,33.3,7,1,2,207,64.6,57.9,61.4,57.3,0,1,7,0,0.0,6.3,0.0,0,1,0,0,0,0,0.0,23,3.8
Cutter Woods,199951,QB,S CAROLINA,1,66.7,6,6,14.3,2.7,0,0,0.0,66.7,4,0,3,0.0,8,0,4,289,64.9,77.3,68.5,71.0,0,1,8,0,0.0,50.0,0.0,0,2,0,0,0,0,0.0,46,7.7
Brandon Tennison,174109,QB,UTSA,1,80.0,5,5,3.2,2.2,0,0,0.0,80.0,4,0,3,0.0,7,0,1,331,64.6,45.2,47.4,57.3,0,0,7,0,33.3,92.5,14.3,1,1,0,0,0,0,0.0,31,6.2
Joe Pesansky,149434,QB,FIU,1,60.0,5,5,8.6,2.32,0,0,0.0,60.0,3,0,1,0.0,5,0,1,166,67.1,52.0,48.0,60.2,0,0,7,0,0.0,68.8,0.0,0,0,0,0,0,0,0.0,20,4.0
Alessio Milivojevic,183542,QB,MICH STATE,1,60.0,5,5,12.2,3.31,0,0,0.0,60.0,3,0,5,0.0,7,0,4,223,64.6,70.7,65.2,64.3,0,0,7,0,20.0,93.8,14.3,1,1,0,0,0,0,0.0,50,10.0
Joe Labas,144847,QB,C MICHIGAN,1,50.0,4,4,11.3,2.05,0,1,20.0,50.0,2,0,0,0.0,4,0,1,134,69.7,78.8,69.8,70.7,0,0,5,0,,95.8,0.0,0,0,0,0,0,0,0.0,72,18.0
Brock Thomas,176601,QB,OREGON,1,75.0,4,4,7.5,2.6,0,0,0.0,75.0,3,0,0,0.0,4,0,1,264,67.8,73.8,68.4,65.4,0,0,4,0,,111.5,0.0,0,0,0,0,0,0,0.0,45,11.3
Landon Graves,181155,QB,LA MONROE,1,25.0,4,4,20.0,3.14,0,0,0.0,25.0,1,0,0,0.0,5,0,0,209,66.8,37.4,38.5,53.5,0,0,5,0,,39.6,0.0,0,1,0,0,0,1,20.0,7,1.8
Luke Carney,199218,QB,SYRACUSE,1,100.0,2,3,5.0,3.85,0,0,0.0,66.7,2,0,1,0.0,4,0,1,304,66.6,66.7,69.9,59.4,0,0,4,0,0.0,71.5,0.0,0,1,0,1,0,0,0.0,10,3.3
Kalieb Osborne,184132,QB,TOLEDO,1,100.0,3,3,22.3,2.56,0,1,25.0,100.0,3,0,3,0.0,5,0,3,316,71.1,87.4,77.1,74.5,0,0,6,0,0.0,158.3,0.0,0,1,0,0,1,0,0.0,59,19.7
Gavin Wimsatt,155757,QB,JVILLE ST,1,66.7,3,3,-1.0,2.64,0,0,0.0,66.7,2,0,2,0.0,5,0,2,196,66.8,62.9,54.1,64.8,0,0,5,1,50.0,81.3,20.0,1,1,0,0,0,0,0.0,17,5.7
Danny O'Neil,184200,QB,WISCONSIN,1,33.3,3,3,9.0,3.5,0,0,0.0,33.3,1,0,2,0.0,4,0,0,349,66.6,47.1,38.4,62.8,0,0,4,0,50.0,42.4,25.0,1,0,0,0,0,0,0.0,-5,-1.7
Davi Belfort,184926,QB,UCF,1,66.7,3,3,11.3,3.2,0,0,0.0,66.7,2,0,1,0.0,4,0,1,323,67.8,78.3,62.2,70.7,0,0,4,0,100.0,106.3,25.0,1,0,0,0,0,0,0.0,35,11.7
Brock Hansel,158437,QB,UCF,1,66.7,3,3,-0.3,1.5,0,0,0.0,33.3,1,0,0,50.0,3,1,1,323,64.8,28.7,28.1,60.0,0,1,3,0,,5.6,0.0,0,0,0,0,0,1,33.3,11,3.7
AJ Surace,184666,QB,RUTGERS,1,0.0,2,2,12.0,1.8,0,0,0.0,0.0,0,0,0,,2,0,0,278,61.8,52.6,51.0,,0,0,2,0,,39.6,0.0,0,0,0,0,0,0,0.0,0,0.0
MJ Morris,157404,QB,COAST CAR,1,100.0,2,2,0.0,1.25,0,0,0.0,100.0,2,0,1,0.0,2,0,1,141,64.4,68.2,62.6,62.3,0,0,2,0,0.0,158.3,0.0,0,0,0,0,1,0,0.0,39,19.5
Hunter Herring,147138,QB,LA MONROE,1,100.0,1,1,12.0,2.6,0,0,0.0,100.0,1,0,0,0.0,1,0,1,209,67.9,58.6,72.6,53.6,0,0,1,0,,135.4,0.0,0,0,0,0,1,0,0.0,7,7.0
Parker Kingston,163251,WR,BYU,1,0.0,1,1,11.0,3.6,0,0,0.0,0.0,0,0,0,,1,0,0,128,67.9,66.1,54.8,68.5,0,0,1,1,,39.6,0.0,0,0,0,0,0,0,0.0,0,0.0
Trent Walker,146340,WR,OREGON ST,1,0.0,1,1,20.0,2.9,0,0,0.0,0.0,0,0,1,,1,0,0,265,64.6,54.9,37.9,,0,0,1,0,0.0,39.6,0.0,0,0,0,0,0,1,100.0,0,0.0
Ty Robinson,146317,WR,BALL ST,1,100.0,1,1,27.0,3.2,0,0,0.0,100.0,1,0,1,0.0,1,0,1,117,60.3,54.8,76.2,,0,0,1,0,0.0,118.8,0.0,0,0,0,0,0,0,0.0,37,37.0
Angel Flores,164493,QB,C MICHIGAN,1,100.0,1,1,-2.0,1.5,0,0,0.0,100.0,1,0,0,0.0,1,0,0,134,76.4,79.7,61.0,73.1,0,0,1,1,,79.2,0.0,0,0,0,0,0,0,0.0,1,1.0
Donaven McCulley,144829,WR,MICHIGAN,1,0.0,1,1,17.0,4.1,0,0,0.0,0.0,0,0,0,,1,0,0,222,65.6,54.8,33.8,63.2,0,0,1,0,,39.6,0.0,0,0,0,0,0,1,100.0,0,0.0
Chris Jimerson Jr.,198991,QB,N TEXAS,1,100.0,1,1,38.0,3.4,0,1,100.0,100.0,1,0,0,0.0,1,0,1,251,60.3,90.4,89.4,,0,0,1,0,,158.3,0.0,0,0,0,0,1,0,0.0,37,37.0
Matthew Sluka,143059,QB,JAMES MAD,1,100.0,1,1,24.0,2.65,0,0,0.0,100.0,1,0,1,0.0,2,0,1,197,68.7,72.2,57.5,69.6,0,0,2,0,100.0,158.3,50.0,1,0,0,0,1,0,0.0,18,18.0
Cam Vaughn,170441,WR,W VIRGINIA,1,0.0,1,1,32.0,5.1,0,0,0.0,0.0,0,0,0,,1,0,0,343,63.7,52.5,50.1,,0,0,1,0,,39.6,0.0,0,0,0,0,0,0,0.0,0,0.0
Jojo Stone,183321,WR,FIU,1,0.0,1,1,10.0,3.6,0,0,0.0,0.0,0,0,1,,1,0,0,166,63.7,72.9,46.8,,0,0,1,0,0.0,39.6,0.0,0,0,0,0,0,0,0.0,0,0.0
Brady Davidson,199832,QB,N ILLINOIS,1,0.0,1,1,2.0,2.3,0,0,0.0,0.0,0,0,2,,1,0,0,254,61.8,53.9,54.0,,0,0,2,0,0.0,39.6,0.0,0,0,0,0,0,0,0.0,0,0.0
Anthony Garcia,174863,QB,UTAH ST,1,100.0,1,1,4.0,1.5,0,0,0.0,100.0,1,0,0,0.0,1,0,0,329,66.2,72.3,60.6,69.4,0,0,1,0,,87.5,0.0,0,0,0,0,0,0,0.0,5,5.0
Bryson Graves,175806,WR,COAST CAR,1,100.0,1,1,-6.0,3.4,0,0,0.0,100.0,1,0,0,0.0,1,0,0,141,64.6,65.7,60.4,,0,0,1,0,,95.8,0.0,0,0,0,0,0,0,0.0,7,7.0
Gaston Moore,123756,QB,USF,1,100.0,1,1,0.0,4.0,0,0,0.0,100.0,1,0,0,0.0,2,0,0,327,64.8,64.9,75.3,54.4,0,0,3,0,,95.8,0.0,0,1,0,0,0,0,0.0,7,7.0
Tristan Ti'a,204242,QB,OREGON ST,1,100.0,1,1,4.0,1.6,0,0,0.0,100.0,1,0,1,0.0,1,0,1,265,60.3,71.8,70.4,,0,0,1,0,0.0,83.3,0.0,0,0,0,0,0,0,0.0,4,4.0
Devin Kargman,156913,QB,KENT STATE,1,,0,1,,3.2,0,0,0.0,0.0,0,0,1,,1,0,0,201,60.3,58.8,60.0,,0,0,1,0,0.0,39.6,0.0,0,0,0,1,0,0,0.0,0,0.0
Weston Bryan,207846,QB,GA SOUTHRN,1,100.0,1,1,-1.0,1.3,0,0,0.0,100.0,1,0,0,0.0,1,0,0,174,68.7,60.5,61.0,56.3,0,0,1,0,,79.2,0.0,0,0,0,0,0,0,0.0,2,2.0
Mason Love,184495,K,S CAROLINA,1,0.0,1,1,7.0,1.6,0,0,0.0,0.0,0,0,0,,1,0,0,289,60.3,46.3,32.7,,0,1,1,0,,0.0,0.0,0,0,0,0,0,1,100.0,0,0.0
KJ Jackson,184386,QB,ARKANSAS,1,100.0,1,1,2.0,2.6,0,0,0.0,100.0,1,0,1,0.0,1,0,0,111,60.3,61.1,61.0,,0,0,1,0,0.0,79.2,0.0,0,0,0,0,0,0,0.0,3,3.0
Devin Brown,156479,QB,CAL,1,100.0,1,1,4.0,2.0,0,0,0.0,100.0,1,0,0,0.0,1,0,0,130,60.3,61.1,61.0,,0,0,1,0,,87.5,0.0,0,0,0,0,0,0,0.0,5,5.0
Whitt Newbauer,188566,QB,OKLAHOMA,1,100.0,1,1,-2.0,1.7,0,0,0.0,100.0,1,0,0,0.0,1,0,0,261,60.3,61.7,61.0,,0,0,1,0,,79.2,0.0,0,0,0,0,0,0,0.0,-2,-2.0
Evan Svoboda,157664,TE,WYOMING,1,0.0,1,1,8.0,1.8,0,0,0.0,0.0,0,0,0,,1,0,0,351,65.6,57.0,33.1,57.1,0,1,1,0,,0.0,0.0,0,0,0,0,0,1,100.0,0,0.0
Gevani McCoy,147609,QB,TEMPLE,1,100.0,1,1,0.0,1.1,0,0,0.0,100.0,1,0,0,0.0,2,0,1,306,68.7,56.5,58.9,58.0,0,0,2,0,,118.8,0.0,0,0,0,0,0,0,0.0,18,18.0
Oscar Doyle,192649,P,BOISE ST,1,100.0,1,1,2.0,2.0,0,0,0.0,100.0,1,0,0,0.0,1,0,1,120,60.3,71.8,74.3,,0,0,1,0,,112.5,0.0,0,0,0,0,0,0,0.0,11,11.0
